uni_const_code,n_indnota_pre,n_indnota_post
0|10|1,9,5
0|10|10,7,4.5
0|10|11,8,5.5
0|10|12,13,8.5
0|10|13,8,5
0|10|14,5,4.5
0|10|15,9,8.5
0|10|16,2,11
0|10|17,8,7
0|10|18,7,5.5
0|10|19,7,5
0|10|2,3,6
0|10|20,7,4
0|10|21,6,4.5
0|10|22,10,5
0|10|23,5,2
0|10|24,12,5.5
0|10|25,9,6
0|10|26,9,6
0|10|27,3,10
0|10|28,11,5.5
0|10|29,9,10.5
0|10|3,3,5.5
0|10|30,9,8
0|10|31,3,8
0|10|32,4,4.5
0|10|33,10,5
0|10|34,5,6
0|10|35,6,7.5
0|10|36,12,3.5
0|10|37,8,5
0|10|38,8,1.5
0|10|39,12,7
0|10|4,7,5.5
0|10|40,7,3.5
0|10|5,8,10
0|10|6,5,5
0|10|7,5,8
0|10|8,7,6
0|10|9,18,5.5
0|11|1,1,2
0|12|1,1,2
0|12|2,,1.5
0|13|1,,1.5
0|14|1,2,3.5
0|14|2,3,3
0|15|1,2,3
0|16|1,2,4
0|16|2,3,4.5
0|17|1,2,4
0|17|2,1,1
0|18|1,12,8.5
0|18|10,5,2.5
0|18|11,5,4.5
0|18|12,3,2.5
0|18|13,4,3
0|18|14,5,4.5
0|18|2,12,8
0|18|3,1,2
0|18|4,6,6.5
0|18|5,1,4.5
0|18|6,4,4.5
0|18|7,5,8.5
0|18|8,4,3
0|18|9,6,3
0|19|1,4,3.5
0|19|10,1,2
0|19|11,5,3
0|19|12,,2.5
0|19|13,2,2
0|19|14,1,2.5
0|19|15,5,7
0|19|16,1,1.5
0|19|17,2,3
0|19|18,1,4.5
0|19|19,3,1.5
0|19|2,4,3
0|19|20,2,2.5
0|19|21,3,5
0|19|22,4,5.5
0|19|23,7,5.5
0|19|24,7,8
0|19|25,9,9
0|19|26,3,4.5
0|19|27,3,4
0|19|28,2,2
0|19|29,,1.5
0|19|3,3,3
0|19|30,3,4
0|19|31,,1.5
0|19|32,,1.5
0|19|33,3,2.5
0|19|34,4,2
0|19|35,6,4
0|19|36,2,4
0|19|37,2,3
0|19|38,,1
0|19|39,1,1.5
0|19|4,3,5
0|19|40,2,3.5
0|19|41,2,1
0|19|42,,2
0|19|5,5,4
0|19|6,2,2.5
0|19|7,4,4
0|19|8,4,4
0|19|9,1,2.5
0|1|1,2,6
0|1|2,5,6.5
0|1|3,3,7
0|1|4,3,3
0|1|5,4,5.5
0|1|6,11,12.5
0|20|1,,5.5
0|20|10,3,3
0|20|11,3,4.5
0|20|12,8,7
0|20|13,7,6.5
0|20|14,5,6.5
0|20|2,8,8
0|20|3,7,6
0|20|4,3,11.5
0|20|5,5,5
0|20|6,8,5
0|20|7,17,13.5
0|20|8,16,11
0|20|9,10,7
0|21|1,1,2
0|21|10,,2
0|21|11,2,2
0|21|12,,1.5
0|21|13,4,2
0|21|14,1,3
0|21|15,1,3
0|21|16,,2
0|21|17,1,1
0|21|18,4,4
0|21|19,3,3
0|21|2,2,3.5
0|21|20,4,3.5
0|21|21,,1.5
0|21|3,1,3
0|21|4,2,2
0|21|5,3,3
0|21|6,2,5
0|21|7,2,2
0|21|8,2,1.5
0|21|9,,2
0|22|1,6,3.5
0|22|10,3,1
0|22|11,3,3
0|22|2,4,5.5
0|22|3,5,6
0|22|4,9,9
0|22|5,19,15.5
0|22|6,9,6
0|22|7,10,10
0|22|8,22,18
0|22|9,7,13.5
0|23|1,15,10
0|23|10,6,6.5
0|23|11,5,8.5
0|23|12,,5
0|23|13,3,10
0|23|14,5,3
0|23|15,10,7.5
0|23|16,20,7
0|23|17,6,4.5
0|23|18,2,6
0|23|19,13,12
0|23|2,6,5.5
0|23|20,4,4
0|23|21,4,3.5
0|23|22,5,4.5
0|23|23,7,7
0|23|24,2,3
0|23|25,5,2
0|23|26,9,13.5
0|23|27,6,3.5
0|23|28,5,4.5
0|23|29,7,3
0|23|3,13,6.5
0|23|4,12,7.5
0|23|5,3,5
0|23|6,10,6.5
0|23|7,13,6
0|23|8,8,7.5
0|23|9,9,7.5
0|24|1,9,2.5
0|24|10,16,8
0|24|11,3,11.5
0|24|12,14,23
0|24|13,7,6
0|24|14,8,8.5
0|24|15,7,9
0|24|16,9,7
0|24|17,5,5.5
0|24|18,,4.5
0|24|19,,3
0|24|2,9,10.5
0|24|20,4,3
0|24|21,1,3
0|24|22,5,9
0|24|23,5,4.5
0|24|24,6,5
0|24|25,8,12.5
0|24|26,1,3
0|24|3,9,8
0|24|4,6,6.5
0|24|5,6,8.5
0|24|6,11,9.5
0|24|7,7,8.5
0|24|8,7,4.5
0|24|9,13,19
0|25|1,3,1.5
0|26|1,2,4.5
0|27|1,2,5
0|27|10,14,18
0|27|11,12,12
0|27|12,2,1.5
0|27|13,12,6
0|27|14,18,13.5
0|27|15,4,15.5
0|27|16,11,11
0|27|17,7,6
0|27|18,6,12
0|27|19,13,14
0|27|2,7,13
0|27|20,4,3
0|27|21,5,9
0|27|22,2,5
0|27|23,6,6
0|27|24,10,12
0|27|25,19,10
0|27|26,13,8
0|27|27,11,7
0|27|28,9,12.5
0|27|29,10,10
0|27|3,5,8.5
0|27|30,10,9.5
0|27|31,9,7.5
0|27|32,3,6
0|27|33,12,12
0|27|34,25,18
0|27|35,10,7.5
0|27|36,5,10
0|27|37,8,9.5
0|27|38,12,10
0|27|39,11,27
0|27|4,12,9.5
0|27|40,14,12.5
0|27|41,5,7.5
0|27|42,7,9
0|27|43,7,19.5
0|27|44,9,9
0|27|45,1,9
0|27|46,2,4.5
0|27|47,6,8.5
0|27|48,3,9
0|27|5,7,8
0|27|6,5,4
0|27|7,12,14
0|27|8,6,10.5
0|27|9,7,9
0|28|1,4,6
0|28|10,4,4.5
0|28|11,2,5.5
0|28|12,13,10
0|28|13,,4
0|28|14,6,5.5
0|28|15,4,5.5
0|28|16,4,7.5
0|28|17,13,10
0|28|18,3,5
0|28|19,4,5.5
0|28|2,,3.5
0|28|20,3,6
0|28|21,7,4
0|28|22,4,7
0|28|23,3,5
0|28|24,6,3
0|28|25,,2.5
0|28|3,1,4.5
0|28|4,5,11
0|28|5,2,2
0|28|6,4,8
0|28|7,1,4.5
0|28|8,4,5
0|28|9,1,5.5
0|29|1,4,6
0|29|10,5,9
0|29|11,11,11
0|29|12,5,5
0|29|13,22,14.5
0|29|14,8,7
0|29|15,5,5
0|29|16,9,5
0|29|17,7,8
0|29|18,6,10
0|29|19,5,9.5
0|29|2,6,31.5
0|29|20,4,12
0|29|21,4,11
0|29|22,6,4.5
0|29|23,9,7.5
0|29|24,23,14.5
0|29|25,25,15
0|29|26,12,14
0|29|27,13,8
0|29|28,16,11.5
0|29|3,12,6
0|29|4,4,7
0|29|5,2,3
0|29|6,4,1.5
0|29|7,19,11
0|29|8,11,7.5
0|29|9,3,2.5
0|2|1,4,5.5
0|2|2,1,5.5
0|2|3,2,5.5
0|2|4,2,2
0|30|1,2,3
0|30|2,6,4
0|31|1,,1
0|32|1,3,7
0|32|10,6,5
0|32|11,6,6.5
0|32|12,5,7
0|32|13,5,8
0|32|14,15,4
0|32|15,2,6
0|32|16,3,4.5
0|32|17,6,6.5
0|32|18,7,6.5
0|32|19,9,11.5
0|32|2,4,6.5
0|32|20,9,11
0|32|3,4,6
0|32|4,8,9.5
0|32|5,12,9
0|32|6,,4.5
0|32|7,10,8.5
0|32|8,5,6
0|32|9,4,5.5
0|33|1,9,10.5
0|33|10,14,10
0|33|11,23,18.5
0|33|12,7,11.5
0|33|13,11,10.5
0|33|14,21,17.5
0|33|15,15,16.5
0|33|16,17,19
0|33|17,18,10.5
0|33|18,14,12
0|33|19,7,5
0|33|2,20,21
0|33|20,15,12
0|33|21,12,11.5
0|33|22,11,13.5
0|33|23,31,24
0|33|24,13,17.5
0|33|25,12,14
0|33|26,6,11
0|33|27,8,9
0|33|28,15,18
0|33|29,3,6
0|33|3,32,30
0|33|30,8,6.5
0|33|31,14,18
0|33|32,8,22
0|33|33,16,19
0|33|34,11,18
0|33|35,8,20.5
0|33|36,10,17.5
0|33|37,3,15.5
0|33|38,13,19
0|33|39,15,12
0|33|4,23,16
0|33|5,21,12.5
0|33|6,13,7.5
0|33|7,9,18
0|33|8,13,15
0|33|9,9,10
0|34|1,18,14.5
0|35|1,3,8
0|36|1,4,5
0|36|10,6,6
0|36|11,22,5.5
0|36|12,6,4
0|36|13,8,9.5
0|36|14,8,5.5
0|36|15,7,5.5
0|36|16,5,9
0|36|17,5,17.5
0|36|2,9,8
0|36|3,7,7.5
0|36|4,4,93
0|36|5,3,4.5
0|36|6,1,5.5
0|36|7,8,11
0|36|8,9,12.5
0|36|9,14,7.5
0|3|1,6,6
0|3|10,19,11.5
0|3|11,11,15
0|3|12,8,10.5
0|3|13,9,13.5
0|3|2,6,17.5
0|3|3,9,9.5
0|3|4,6,11.5
0|3|5,6,5.5
0|3|6,5,11
0|3|7,19,8
0|3|8,3,7.5
0|3|9,6,6.5
0|4|1,8,11.5
0|5|1,8,7.5
0|5|2,3,5
0|5|3,2,2
0|5|4,4,3.5
0|5|5,12,9
0|6|1,2,6.5
0|6|10,10,10
0|6|2,9,11
0|6|3,7,9
0|6|4,27,23.5
0|6|5,12,7
0|6|6,7,14
0|6|7,9,7.5
0|6|8,18,13.5
0|6|9,12,11
0|7|1,20,7.5
0|7|2,6,8
0|7|3,8,7.5
0|7|4,22,12.5
0|7|5,4,5.5
0|7|6,7,8
0|7|7,5,8.5
0|8|1,9,6
0|8|10,11,3
0|8|11,5,6
0|8|12,9,6.5
0|8|13,4,5.5
0|8|14,3,8.5
0|8|15,9,5
0|8|16,10,7.5
0|8|17,4,6.5
0|8|18,15,10
0|8|19,,1
0|8|2,4,3
0|8|20,,1.5
0|8|21,8,4.5
0|8|22,7,6
0|8|23,4,3.5
0|8|24,6,6.5
0|8|25,10,4
0|8|3,7,5.5
0|8|4,6,6.5
0|8|5,6,7
0|8|6,14,3.5
0|8|7,19,10.5
0|8|8,9,6
0|8|9,7,5.5
0|9|1,7,5
0|9|10,16,5
0|9|11,8,5
0|9|12,7,5.5
0|9|13,12,6.5
0|9|14,2,2.5
0|9|15,8,4
0|9|16,2,4.5
0|9|17,9,6.5
0|9|18,7,4.5
0|9|19,9,11
0|9|2,5,4
0|9|20,5,3
0|9|21,2,5
0|9|22,10,5
0|9|23,3,4.5
0|9|24,3,2.5
0|9|25,2,6.5
0|9|26,5,6
0|9|27,5,3.5
0|9|28,4,4
0|9|29,4,2.5
0|9|3,12,7
0|9|30,4,4.5
0|9|31,4,5.5
0|9|32,7,6.5
0|9|33,8,5
0|9|34,1,4
0|9|35,25,8
0|9|36,11,6
0|9|37,9,16.5
0|9|38,6,5
0|9|39,15,3
0|9|4,11,3.5
0|9|40,4,8
0|9|41,7,2.5
0|9|42,6,4.5
0|9|43,10,7.5
0|9|44,4,6.5
0|9|45,4,1
0|9|46,8,6
0|9|47,5,6
0|9|48,6,2.5
0|9|49,6,4.5
0|9|5,5,3
0|9|50,4,5
0|9|51,13,4
0|9|52,18,6.5
0|9|53,6,4
0|9|54,8,3.5
0|9|55,11,2.5
0|9|56,2,3
0|9|57,13,5
0|9|58,3,5
0|9|59,12,4
0|9|6,11,4
0|9|60,3,3.5
0|9|61,4,4
0|9|62,9,6.5
0|9|63,7,8.5
0|9|64,15,2.5
0|9|65,6,2
0|9|66,2,3
0|9|67,7,2.5
0|9|68,5,4.5
0|9|69,8,6.5
0|9|7,7,5.5
0|9|70,5,5
0|9|71,11,4.5
0|9|72,8,4
0|9|73,3,6
0|9|74,6,4
0|9|75,4,3
0|9|76,4,3.5
0|9|77,6,15
0|9|78,3,6.5
0|9|79,11,5
0|9|8,3,5
0|9|80,1,3.5
0|9|9,11,5
1|10|1,7,6
1|10|10,1,5
1|10|100,4,8
1|10|101,5,6
1|10|102,4,3
1|10|103,5,4
1|10|104,7,5
1|10|105,15,8
1|10|106,17,8
1|10|107,6,3
1|10|108,7,5
1|10|109,9,6
1|10|11,4,9
1|10|110,7,9
1|10|111,9,9
1|10|112,13,6
1|10|113,10,6
1|10|114,16,8
1|10|115,6,3
1|10|116,7,4
1|10|117,19,5
1|10|118,13,10
1|10|119,3,6
1|10|12,11,6
1|10|120,8,8
1|10|121,3,6
1|10|122,4,6
1|10|123,14,8
1|10|124,4,8
1|10|125,4,6
1|10|126,18,10
1|10|127,12,8
1|10|128,6,5
1|10|129,8,9
1|10|13,6,2
1|10|130,3,9
1|10|131,1,4
1|10|132,9,3
1|10|133,3,4
1|10|134,6,5
1|10|135,6,8
1|10|136,2,2
1|10|137,4,8
1|10|138,1,3
1|10|139,,3
1|10|14,6,3
1|10|140,2,3
1|10|141,2,3
1|10|142,7,5
1|10|143,5,4
1|10|144,2,4
1|10|145,2,3
1|10|146,2,5
1|10|147,2,3
1|10|148,1,5
1|10|149,5,7
1|10|15,4,2
1|10|150,4,5
1|10|151,4,6
1|10|152,4,8
1|10|153,5,8
1|10|154,6,5
1|10|155,1,6
1|10|156,5,4
1|10|157,12,5
1|10|158,7,3
1|10|159,3,8
1|10|16,4,3
1|10|160,1,1
1|10|161,6,6
1|10|162,1,4
1|10|163,4,6
1|10|164,2,4
1|10|165,6,6
1|10|166,7,5
1|10|167,7,9
1|10|168,6,3
1|10|169,4,9
1|10|17,10,6
1|10|170,6,7
1|10|171,5,4
1|10|172,7,9
1|10|173,4,5
1|10|174,2,10
1|10|175,6,6
1|10|176,9,3
1|10|177,6,7
1|10|178,4,7
1|10|179,7,7
1|10|18,3,4
1|10|180,2,7
1|10|181,5,8
1|10|182,4,6
1|10|183,5,12
1|10|184,4,3
1|10|185,6,4
1|10|186,7,5
1|10|187,8,4
1|10|188,2,6
1|10|189,5,9
1|10|19,6,3
1|10|190,3,6
1|10|191,5,6
1|10|192,11,3
1|10|193,5,4
1|10|194,7,4
1|10|195,5,2
1|10|196,2,6
1|10|197,3,11
1|10|198,3,7
1|10|199,11,5
1|10|2,6,4
1|10|20,6,6
1|10|200,12,16
1|10|201,4,11
1|10|202,4,5
1|10|203,8,6
1|10|204,1,7
1|10|205,8,8
1|10|206,7,7
1|10|207,1,3
1|10|208,15,8
1|10|209,6,8
1|10|21,2,5
1|10|210,4,9
1|10|211,10,6
1|10|212,7,7
1|10|213,2,6
1|10|214,9,4
1|10|215,4,9
1|10|216,6,5
1|10|217,2,2
1|10|218,3,1
1|10|219,5,12
1|10|22,10,5
1|10|220,4,6
1|10|221,8,8
1|10|222,3,3
1|10|223,6,11
1|10|224,5,6
1|10|225,7,2
1|10|226,10,5
1|10|227,3,1
1|10|228,4,2
1|10|229,3,3
1|10|23,10,8
1|10|230,9,7
1|10|231,4,4
1|10|232,4,2
1|10|233,7,8
1|10|234,11,2
1|10|235,1,1
1|10|236,5,3
1|10|237,4,7
1|10|238,5,6
1|10|239,5,2
1|10|24,4,3
1|10|240,3,2
1|10|241,4,10
1|10|242,5,6
1|10|243,2,6
1|10|25,6,4
1|10|26,4,11
1|10|27,7,11
1|10|28,1,6
1|10|29,4,6
1|10|3,5,7
1|10|30,3,8
1|10|31,3,7
1|10|32,8,7
1|10|33,7,5
1|10|34,2,5
1|10|35,4,5
1|10|36,7,5
1|10|37,1,4
1|10|38,3,9
1|10|39,8,3
1|10|4,5,8
1|10|40,7,7
1|10|41,3,3
1|10|42,4,4
1|10|43,1,2
1|10|44,4,2
1|10|45,9,4
1|10|46,6,3
1|10|47,,2
1|10|48,4,5
1|10|49,8,6
1|10|5,2,4
1|10|50,7,6
1|10|51,6,3
1|10|52,11,6
1|10|53,4,3
1|10|54,3,7
1|10|55,6,2
1|10|56,1,4
1|10|57,2,3
1|10|58,1,6
1|10|59,2,5
1|10|6,7,7
1|10|60,6,11
1|10|61,9,13
1|10|62,5,11
1|10|63,3,12
1|10|64,15,8
1|10|65,5,4
1|10|66,8,9
1|10|67,7,8
1|10|68,2,6
1|10|69,5,5
1|10|7,7,5
1|10|70,6,7
1|10|71,6,7
1|10|72,,4
1|10|73,,6
1|10|74,9,2
1|10|75,8,4
1|10|76,4,6
1|10|77,8,9
1|10|78,3,4
1|10|79,5,8
1|10|8,8,5
1|10|80,4,8
1|10|81,2,6
1|10|82,8,5
1|10|83,3,6
1|10|84,8,7
1|10|85,11,5
1|10|86,4,3
1|10|87,5,2
1|10|88,6,8
1|10|89,4,5
1|10|9,7,6
1|10|90,5,6
1|10|91,2,5
1|10|92,2,3
1|10|93,8,12
1|10|94,7,6
1|10|95,10,9
1|10|96,3,3
1|10|97,6,6
1|10|98,7,5
1|10|99,3,4
1|11|1,,1
1|11|10,1,1
1|11|11,1,1
1|11|12,1,1
1|11|13,2,1
1|11|14,2,1
1|11|15,1,1
1|11|16,2,1
1|11|17,,1
1|11|18,1,1
1|11|19,2,3
1|11|2,,1
1|11|20,2,1
1|11|21,1,2
1|11|22,1,1
1|11|23,,1
1|11|24,1,1
1|11|25,1,1
1|11|26,1,3
1|11|27,1,1
1|11|28,1,1
1|11|29,,1
1|11|3,1,1
1|11|30,1,1
1|11|31,,1
1|11|32,,1
1|11|4,,1
1|11|5,,1
1|11|6,,1
1|11|7,,1
1|11|8,,1
1|11|9,1,1
1|12|1,,2
1|12|10,,1
1|12|11,,1
1|12|12,,1
1|12|13,,2
1|12|14,,1
1|12|15,,1
1|12|16,,1
1|12|17,,1
1|12|18,,1
1|12|19,,1
1|12|2,,2
1|12|20,,1
1|12|21,,1
1|12|22,,1
1|12|23,,1
1|12|24,,1
1|12|25,,1
1|12|26,,2
1|12|27,,1
1|12|28,,2
1|12|29,,1
1|12|3,,1
1|12|30,,1
1|12|31,,1
1|12|32,,1
1|12|33,,1
1|12|34,,1
1|12|35,,2
1|12|36,,1
1|12|37,,1
1|12|38,,1
1|12|39,,1
1|12|4,,1
1|12|40,,2
1|12|41,,1
1|12|42,,1
1|12|43,,1
1|12|44,,1
1|12|45,,1
1|12|46,,3
1|12|47,1,1
1|12|48,1,2
1|12|49,,1
1|12|5,,1
1|12|50,,1
1|12|51,1,1
1|12|52,,1
1|12|53,,1
1|12|54,,1
1|12|55,,1
1|12|56,,1
1|12|57,,4
1|12|58,,2
1|12|59,,1
1|12|6,,1
1|12|60,,2
1|12|7,,1
1|12|8,,2
1|12|9,,1
1|13|1,2,1
1|13|10,,1
1|13|12,1,1
1|13|13,,2
1|13|14,,1
1|13|15,,1
1|13|16,1,1
1|13|17,1,2
1|13|18,1,1
1|13|19,1,1
1|13|2,1,1
1|13|20,1,1
1|13|21,1,2
1|13|22,,2
1|13|23,,1
1|13|24,2,2
1|13|25,,1
1|13|26,,1
1|13|27,1,2
1|13|28,1,1
1|13|29,2,1
1|13|3,,1
1|13|30,1,1
1|13|31,,1
1|13|32,1,1
1|13|33,,1
1|13|34,,1
1|13|35,2,1
1|13|36,,1
1|13|37,,1
1|13|38,,1
1|13|39,2,2
1|13|4,1,2
1|13|40,2,1
1|13|41,,2
1|13|42,1,1
1|13|43,1,1
1|13|44,,1
1|13|45,,1
1|13|46,1,1
1|13|47,,1
1|13|48,,1
1|13|49,1,2
1|13|5,2,1
1|13|50,,1
1|13|51,,1
1|13|52,1,1
1|13|53,1,1
1|13|54,1,1
1|13|55,,1
1|13|56,,1
1|13|57,1,1
1|13|58,1,1
1|13|59,,1
1|13|6,1,2
1|13|60,,1
1|13|7,,1
1|13|8,1,1
1|13|9,1,1
1|14|1,,1
1|14|10,1,1
1|14|11,1,2
1|14|12,,1
1|14|13,,1
1|14|14,2,2
1|14|15,,1
1|14|16,,1
1|14|17,,1
1|14|18,,2
1|14|19,,1
1|14|2,,2
1|14|20,,1
1|14|21,,1
1|14|22,,1
1|14|23,,1
1|14|24,2,1
1|14|25,,1
1|14|26,1,1
1|14|27,,2
1|14|28,,1
1|14|29,,1
1|14|3,,1
1|14|30,2,3
1|14|31,,2
1|14|32,,1
1|14|33,,1
1|14|34,,1
1|14|35,,1
1|14|36,,1
1|14|37,,1
1|14|38,,1
1|14|39,,1
1|14|4,1,1
1|14|40,1,2
1|14|41,2,2
1|14|42,,1
1|14|43,,2
1|14|44,,1
1|14|45,2,1
1|14|46,,2
1|14|47,,3
1|14|48,,2
1|14|49,,1
1|14|5,,1
1|14|50,1,2
1|14|51,,1
1|14|52,,1
1|14|53,,1
1|14|54,,1
1|14|55,2,3
1|14|56,,2
1|14|57,,1
1|14|58,1,3
1|14|59,,1
1|14|6,2,3
1|14|60,1,1
1|14|7,,1
1|14|8,,1
1|14|9,,1
1|15|1,,2.5
1|15|10,1,2
1|15|11,,2
1|15|12,1,2
1|15|13,2,2
1|15|14,,1.5
1|15|15,,2
1|15|16,,2
1|15|17,,1.5
1|15|18,1,2
1|15|19,,2
1|15|2,,2
1|15|20,1,2
1|15|21,1,2
1|15|22,,2
1|15|23,2,1.5
1|15|24,1,2.5
1|15|25,1,2
1|15|26,,2.5
1|15|27,2,2
1|15|28,,2.5
1|15|29,1,1.5
1|15|3,3,2
1|15|30,,2
1|15|31,1,1.5
1|15|32,,1.5
1|15|33,1,1.5
1|15|34,2,1.5
1|15|35,,1.5
1|15|36,,1
1|15|37,2,1.5
1|15|38,2,2
1|15|39,1,1.5
1|15|4,2,2
1|15|40,2,1.5
1|15|5,1,1.5
1|15|6,1,1.5
1|15|7,,2
1|15|8,1,1.5
1|15|9,,2
1|16|1,,2
1|16|10,,1
1|16|11,,1
1|16|12,,1
1|16|13,1,1
1|16|14,,1
1|16|15,1,1
1|16|16,1,1
1|16|17,,1
1|16|18,1,1
1|16|2,,1
1|16|20,,1
1|16|21,,1
1|16|22,,1
1|16|23,,1
1|16|24,2,2
1|16|25,1,1
1|16|26,1,2
1|16|27,,1
1|16|28,,1
1|16|29,,2
1|16|3,,2
1|16|30,,1
1|16|31,,1
1|16|32,,1
1|16|33,,1
1|16|34,,2
1|16|35,,2
1|16|36,,2
1|16|37,,2
1|16|38,,2
1|16|39,,2
1|16|4,,2
1|16|40,,2
1|16|41,1,1
1|16|42,,1
1|16|43,1,1
1|16|44,1,1
1|16|45,,1
1|16|46,3,2
1|16|47,1,1
1|16|48,2,2
1|16|49,,2
1|16|5,,2
1|16|50,1,2
1|16|51,1,2
1|16|52,1,2
1|16|53,1,1
1|16|54,,2
1|16|55,,2
1|16|56,1,1
1|16|57,,1
1|16|58,,1
1|16|59,,1
1|16|6,,1
1|16|60,,1
1|16|7,,1
1|16|8,1,1
1|16|9,,3
1|17|1,1,2
1|17|10,,2
1|17|11,4,1
1|17|12,2,1
1|17|13,3,1
1|17|14,1,2
1|17|15,1,3
1|17|16,,2
1|17|17,,1
1|17|18,1,2
1|17|19,1,2
1|17|2,2,1
1|17|20,2,4
1|17|21,,1
1|17|22,2,3
1|17|23,,1
1|17|24,2,2
1|17|25,1,2
1|17|26,3,2
1|17|27,1,1
1|17|28,1,2
1|17|29,1,2
1|17|3,1,2
1|17|30,,1
1|17|31,1,1
1|17|32,1,1
1|17|33,2,2
1|17|34,8,2
1|17|35,2,2
1|17|36,1,2
1|17|37,1,1
1|17|38,,2
1|17|39,,5
1|17|4,1,1
1|17|40,1,1
1|17|41,2,3
1|17|42,4,7
1|17|43,1,
1|17|44,1,2
1|17|45,6,5
1|17|46,5,2
1|17|47,5,4
1|17|48,1,3
1|17|49,3,5
1|17|5,1,2
1|17|50,6,6
1|17|51,4,5
1|17|52,3,4
1|17|53,1,2
1|17|54,2,3
1|17|55,3,3
1|17|56,5,2
1|17|57,3,3
1|17|58,5,2
1|17|59,1,3
1|17|6,2,2
1|17|60,5,3
1|17|7,2,1
1|17|8,2,3
1|17|9,1,2
1|18|1,4,10
1|18|10,5,8
1|18|100,1,3
1|18|101,2,3
1|18|102,,9
1|18|103,,5
1|18|104,1,2
1|18|105,1,4
1|18|106,2,2
1|18|107,1,1
1|18|108,,4
1|18|109,4,3
1|18|11,2,2
1|18|110,6,7
1|18|111,,10
1|18|112,3,3
1|18|113,,4
1|18|114,1,8
1|18|115,1,4
1|18|116,2,5
1|18|117,2,4
1|18|118,1,7
1|18|119,,3
1|18|12,4,3
1|18|120,,3
1|18|121,1,3
1|18|122,,3
1|18|123,1,6
1|18|124,1,5
1|18|125,3,7
1|18|126,1,9
1|18|13,3,4
1|18|14,8,5
1|18|15,3,9
1|18|16,,2
1|18|17,1,3
1|18|18,3,2
1|18|19,2,2
1|18|2,1,6
1|18|20,1,2
1|18|21,1,4
1|18|22,,1
1|18|23,,4
1|18|24,3,6
1|18|25,1,2
1|18|26,2,7
1|18|27,3,8
1|18|28,3,4
1|18|29,1,9
1|18|3,7,11
1|18|30,1,5
1|18|31,2,4
1|18|32,,6
1|18|33,1,3
1|18|34,,3
1|18|35,1,2
1|18|36,,6
1|18|37,3,5
1|18|38,,4
1|18|39,,4
1|18|4,20,23
1|18|40,6,7
1|18|41,4,7
1|18|42,5,7
1|18|43,,4
1|18|44,,1
1|18|45,1,3
1|18|46,2,3
1|18|47,1,2
1|18|48,,4
1|18|49,,2
1|18|5,1,9
1|18|50,2,3
1|18|51,3,3
1|18|52,3,5
1|18|53,5,5
1|18|54,4,5
1|18|55,3,7
1|18|56,4,6
1|18|57,3,8
1|18|58,1,6
1|18|59,3,7
1|18|6,14,18
1|18|60,,7
1|18|61,,2
1|18|62,1,4
1|18|63,,3
1|18|64,4,7
1|18|65,2,8
1|18|66,1,6
1|18|67,,4
1|18|68,,4
1|18|69,1,5
1|18|7,5,9
1|18|70,4,8
1|18|71,2,7
1|18|72,,3
1|18|73,2,3
1|18|74,1,7
1|18|75,2,4
1|18|76,1,1
1|18|77,1,2
1|18|78,2,3
1|18|79,,2
1|18|8,13,10
1|18|80,1,5
1|18|81,1,3
1|18|82,,1
1|18|83,,4
1|18|84,1,4
1|18|85,1,5
1|18|86,3,4
1|18|87,,4
1|18|88,2,3
1|18|89,1,4
1|18|9,4,10
1|18|90,7,10
1|18|91,2,3
1|18|92,4,3
1|18|93,1,5
1|18|94,2,5
1|18|95,,2
1|18|96,3,2
1|18|97,,3
1|18|98,,3
1|18|99,2,2
1|19|1,2,3
1|19|10,3,1
1|19|100,2,2
1|19|101,2,2
1|19|102,,2
1|19|103,1,2
1|19|104,2,4
1|19|105,2,5
1|19|106,2,4
1|19|107,,2
1|19|108,1,2
1|19|109,,1
1|19|11,1,7
1|19|110,,1
1|19|111,1,1
1|19|112,1,4
1|19|113,1,2
1|19|114,,2
1|19|115,5,2
1|19|116,1,4
1|19|117,4,3
1|19|118,,1
1|19|119,1,1
1|19|12,3,2
1|19|120,2,1
1|19|121,1,1
1|19|122,1,1
1|19|123,3,2
1|19|124,1,1
1|19|125,,1
1|19|126,1,2
1|19|127,,1
1|19|128,1,2
1|19|129,2,2
1|19|13,1,4
1|19|130,2,1
1|19|131,1,1
1|19|132,,2
1|19|133,1,1
1|19|134,2,4
1|19|135,,2
1|19|136,1,5
1|19|137,2,3
1|19|138,,2
1|19|139,,1
1|19|14,1,1
1|19|140,2,3
1|19|141,2,2
1|19|142,3,5
1|19|143,,5
1|19|144,1,1
1|19|145,3,2
1|19|146,1,2
1|19|147,2,3
1|19|148,1,2
1|19|149,3,6
1|19|15,1,1
1|19|150,6,5
1|19|151,4,2
1|19|152,2,4
1|19|153,4,5
1|19|154,1,4
1|19|155,2,2
1|19|156,2,2
1|19|157,1,2
1|19|158,4,8
1|19|159,5,7
1|19|16,2,1
1|19|160,2,3
1|19|161,2,4
1|19|162,4,4
1|19|163,4,6
1|19|164,3,4
1|19|165,7,6
1|19|166,6,6
1|19|167,3,5
1|19|168,2,4
1|19|169,9,9
1|19|17,1,1
1|19|170,4,10
1|19|171,3,8
1|19|172,2,3
1|19|173,5,4
1|19|174,4,5
1|19|175,2,3
1|19|176,4,6
1|19|177,2,5
1|19|178,2,2
1|19|179,,3
1|19|18,,1
1|19|180,3,4
1|19|181,3,3
1|19|182,2,4
1|19|183,3,5
1|19|184,4,6
1|19|185,,2
1|19|186,,2
1|19|187,2,1
1|19|188,,2
1|19|189,1,2
1|19|19,2,2
1|19|190,1,2
1|19|191,1,1
1|19|192,,2
1|19|193,,1
1|19|194,,1
1|19|195,2,2
1|19|196,,1
1|19|197,,2
1|19|198,,1
1|19|199,,2
1|19|2,1,3
1|19|20,1,1
1|19|200,,1
1|19|201,,1
1|19|202,,4
1|19|203,1,2
1|19|204,2,1
1|19|205,1,3
1|19|206,1,1
1|19|207,1,3
1|19|208,1,3
1|19|209,1,1
1|19|21,1,3
1|19|210,,1
1|19|211,1,2
1|19|212,3,2
1|19|213,1,1
1|19|214,,2
1|19|215,1,2
1|19|216,2,1
1|19|217,1,2
1|19|218,1,1
1|19|219,1,1
1|19|22,,4
1|19|220,1,3
1|19|221,1,2
1|19|222,1,2
1|19|223,1,3
1|19|224,1,2
1|19|225,,1
1|19|226,1,1
1|19|227,,2
1|19|228,1,2
1|19|229,,1
1|19|23,,2
1|19|230,,1
1|19|231,,2
1|19|232,,1
1|19|233,,1
1|19|234,1,2
1|19|235,,1
1|19|236,3,1
1|19|237,2,1
1|19|238,1,3
1|19|239,2,3
1|19|24,1,2
1|19|240,,2
1|19|241,2,2
1|19|242,1,6
1|19|243,1,1
1|19|244,1,1
1|19|245,,2
1|19|246,,1
1|19|247,,2
1|19|248,2,2
1|19|249,1,1
1|19|25,1,2
1|19|250,3,2
1|19|251,,2
1|19|252,3,1
1|19|253,2,2
1|19|254,,2
1|19|255,,1
1|19|256,,1
1|19|257,,2
1|19|258,,1
1|19|259,,1
1|19|26,1,2
1|19|260,,2
1|19|261,,1
1|19|262,,2
1|19|263,,1
1|19|264,1,1
1|19|265,,2
1|19|266,,1
1|19|267,,2
1|19|268,1,3
1|19|269,,1
1|19|27,3,3
1|19|270,2,1
1|19|271,1,1
1|19|272,,1
1|19|273,1,2
1|19|274,,1
1|19|275,2,2
1|19|276,,3
1|19|277,,2
1|19|278,,1
1|19|279,,2
1|19|28,3,3
1|19|280,,1
1|19|281,,1
1|19|282,,2
1|19|283,1,1
1|19|284,,2
1|19|285,3,2
1|19|286,,2
1|19|287,,2
1|19|288,,1
1|19|289,1,2
1|19|29,2,1
1|19|290,,2
1|19|291,1,2
1|19|292,2,1
1|19|293,3,2
1|19|294,1,1
1|19|3,3,4
1|19|30,1,2
1|19|31,1,2
1|19|32,5,4
1|19|33,3,3
1|19|34,6,1
1|19|35,1,2
1|19|36,2,1
1|19|37,2,3
1|19|38,1,2
1|19|39,1,1
1|19|4,4,1
1|19|40,2,1
1|19|41,5,2
1|19|42,4,1
1|19|43,1,3
1|19|44,2,2
1|19|45,2,1
1|19|46,2,1
1|19|47,2,1
1|19|48,3,2
1|19|49,,2
1|19|5,1,2
1|19|50,2,2
1|19|51,2,3
1|19|52,1,3
1|19|53,,8
1|19|54,1,2
1|19|55,1,2
1|19|56,1,3
1|19|57,1,2
1|19|58,,5
1|19|59,,1
1|19|6,3,1
1|19|60,3,3
1|19|61,,1
1|19|62,3,4
1|19|63,2,2
1|19|64,1,3
1|19|65,1,1
1|19|66,1,2
1|19|67,,2
1|19|68,2,3
1|19|69,2,1
1|19|7,3,4
1|19|70,,2
1|19|71,,1
1|19|72,1,2
1|19|73,2,3
1|19|74,1,2
1|19|75,2,5
1|19|76,2,4
1|19|77,2,1
1|19|78,1,1
1|19|79,,1
1|19|8,2,1
1|19|80,2,1
1|19|81,2,1
1|19|82,,1
1|19|83,1,1
1|19|84,,1
1|19|85,1,1
1|19|86,,1
1|19|87,,1
1|19|88,1,1
1|19|89,1,1
1|19|9,2,2
1|19|90,,4
1|19|91,,1
1|19|92,,1
1|19|93,,1
1|19|94,1,2
1|19|95,,1
1|19|96,,1
1|19|97,2,3
1|19|98,,1
1|19|99,1,1
1|1|1,5,1
1|1|10,7,6
1|1|11,10,3
1|1|12,8,5
1|1|13,3,6
1|1|14,3,4
1|1|15,4,7
1|1|16,2,3
1|1|17,2,8
1|1|18,6,5
1|1|19,7,8
1|1|2,6,4
1|1|20,7,4
1|1|21,2,3
1|1|22,9,6
1|1|23,16,9
1|1|24,8,5
1|1|25,4,6
1|1|26,4,3
1|1|27,7,2
1|1|28,7,2
1|1|29,2,3
1|1|3,4,1
1|1|30,1,3
1|1|31,8,3
1|1|32,6,3
1|1|33,7,5
1|1|34,4,5
1|1|35,3,3
1|1|36,6,4
1|1|37,6,10
1|1|38,10,3
1|1|39,6,2
1|1|4,7,6
1|1|40,8,3
1|1|41,6,3
1|1|42,4,3
1|1|43,7,2
1|1|44,6,4
1|1|45,3,1
1|1|46,3,2
1|1|47,3,3
1|1|48,1,1
1|1|49,1,1
1|1|5,8,6
1|1|50,1,2
1|1|51,6,4
1|1|52,7,6
1|1|53,8,7
1|1|54,2,5
1|1|55,2,2
1|1|56,10,1
1|1|57,4,1
1|1|58,9,9
1|1|59,1,5
1|1|6,4,1
1|1|60,7,4
1|1|61,4,1
1|1|62,3,2
1|1|63,3,6
1|1|64,2,7
1|1|65,9,7
1|1|66,6,3
1|1|67,6,3
1|1|68,3,1
1|1|69,7,7
1|1|7,2,7
1|1|70,8,3
1|1|71,5,4
1|1|72,7,5
1|1|73,19,7
1|1|74,15,2
1|1|75,2,5
1|1|76,6,5
1|1|77,3,2
1|1|78,1,4
1|1|79,14,3
1|1|8,13,11
1|1|80,2,3
1|1|81,3,5
1|1|82,4,5
1|1|83,13,8
1|1|84,6,3
1|1|85,2,4
1|1|86,1,5
1|1|87,4,4
1|1|9,,2
1|20|1,2,7.5
1|20|10,12,4
1|20|11,13,9.5
1|20|12,19,9
1|20|13,13,5
1|20|14,9,8.5
1|20|15,5,3
1|20|16,8,4
1|20|17,15,5.5
1|20|18,11,5.5
1|20|19,8,7
1|20|2,7,3
1|20|20,6,7.5
1|20|21,3,4.5
1|20|22,11,8
1|20|23,10,10
1|20|24,11,6
1|20|25,9,8.5
1|20|26,4,5.5
1|20|27,4,1.5
1|20|28,3,6.5
1|20|29,6,6
1|20|3,4,4
1|20|30,4,3
1|20|31,8,6.5
1|20|32,7,3
1|20|33,11,4
1|20|34,13,6.5
1|20|35,14,6.5
1|20|36,23,13
1|20|37,10,2.5
1|20|38,13,6.5
1|20|39,6,2.5
1|20|4,4,4
1|20|40,11,6.5
1|20|41,11,6
1|20|42,16,5.5
1|20|43,6,5
1|20|44,2,3.5
1|20|45,4,6
1|20|46,8,3.5
1|20|47,2,2.5
1|20|48,6,7.5
1|20|49,7,6.5
1|20|5,4,4
1|20|50,11,13
1|20|51,4,3.5
1|20|52,4,4.5
1|20|53,6,3.5
1|20|54,2,4.5
1|20|55,3,3
1|20|56,1,4
1|20|57,6,4.5
1|20|58,8,5
1|20|59,5,2.5
1|20|6,7,4.5
1|20|60,4,3
1|20|61,8,4
1|20|62,9,5.5
1|20|63,9,4
1|20|64,12,11.5
1|20|65,8,3.5
1|20|66,10,5.5
1|20|67,6,4
1|20|68,14,4
1|20|69,5,5.5
1|20|7,2,4
1|20|70,5,4
1|20|71,6,3.5
1|20|72,3,7.5
1|20|73,8,3
1|20|74,3,4
1|20|75,13,6
1|20|76,12,9.5
1|20|77,11,9
1|20|78,5,2.5
1|20|79,8,6.5
1|20|8,12,4.5
1|20|80,12,9
1|20|81,18,11
1|20|9,4,5
1|21|1,,3
1|21|10,4,5
1|21|100,3,3
1|21|101,3,1
1|21|102,1,1
1|21|103,,3
1|21|104,2,4
1|21|105,4,1
1|21|106,2,3
1|21|107,1,2
1|21|108,3,3
1|21|109,4,3
1|21|11,6,3
1|21|110,1,2
1|21|111,3,2
1|21|112,5,3
1|21|113,5,3
1|21|114,5,6
1|21|115,1,4
1|21|116,5,4
1|21|117,3,7
1|21|118,1,3
1|21|119,4,3
1|21|12,5,5
1|21|120,1,2
1|21|121,3,2
1|21|122,6,2
1|21|123,2,2
1|21|124,5,5
1|21|125,1,2
1|21|126,1,1
1|21|127,1,2
1|21|128,4,2
1|21|129,3,4
1|21|13,9,5
1|21|130,1,1
1|21|131,1,2
1|21|132,4,3
1|21|133,3,4
1|21|134,1,2
1|21|135,4,4
1|21|136,1,2
1|21|137,2,2
1|21|138,2,4
1|21|139,3,3
1|21|14,3,4
1|21|140,2,2
1|21|141,3,4
1|21|142,1,1
1|21|143,1,3
1|21|144,4,4
1|21|145,,2
1|21|146,,4
1|21|147,3,3
1|21|15,3,1
1|21|16,7,1
1|21|17,2,4
1|21|18,4,3
1|21|19,,2
1|21|2,1,2
1|21|20,4,3
1|21|21,3,2
1|21|22,1,2
1|21|23,1,3
1|21|24,2,2
1|21|25,14,5
1|21|26,2,4
1|21|27,3,3
1|21|28,5,9
1|21|29,4,1
1|21|3,,1
1|21|30,3,3
1|21|31,4,3
1|21|32,4,3
1|21|33,4,1
1|21|34,8,12
1|21|35,3,2
1|21|36,,1
1|21|37,1,2
1|21|38,4,6
1|21|39,4,1
1|21|4,4,1
1|21|40,3,1
1|21|41,1,1
1|21|42,1,1
1|21|43,1,5
1|21|44,4,2
1|21|45,1,2
1|21|46,1,1
1|21|47,3,1
1|21|48,2,2
1|21|49,,3
1|21|5,,3
1|21|50,2,5
1|21|51,2,2
1|21|52,1,2
1|21|53,4,5
1|21|54,4,7
1|21|55,2,4
1|21|56,1,2
1|21|57,,2
1|21|58,,2
1|21|59,8,6
1|21|6,3,3
1|21|60,4,3
1|21|61,,1
1|21|62,,3
1|21|63,6,5
1|21|64,,2
1|21|65,4,1
1|21|66,1,3
1|21|67,2,3
1|21|68,2,3
1|21|69,1,3
1|21|7,7,1
1|21|70,3,8
1|21|71,,2
1|21|72,3,5
1|21|73,,3
1|21|74,1,1
1|21|75,,4
1|21|76,,2
1|21|77,2,1
1|21|78,3,2
1|21|79,4,1
1|21|8,3,2
1|21|80,1,2
1|21|81,4,6
1|21|82,3,3
1|21|83,5,2
1|21|84,1,2
1|21|85,1,3
1|21|86,7,4
1|21|87,3,6
1|21|88,2,6
1|21|89,4,1
1|21|9,1,3
1|21|90,3,3
1|21|91,2,2
1|21|92,1,1
1|21|93,,2
1|21|94,1,3
1|21|95,,3
1|21|96,,3
1|21|97,1,2
1|21|98,,1
1|21|99,1,1
1|22|1,3,3
1|22|10,6,9.5
1|22|11,9,7.5
1|22|12,3,4.5
1|22|13,2,5
1|22|14,,3.5
1|22|15,1,2.5
1|22|16,8,8.5
1|22|17,5,5.5
1|22|18,4,4
1|22|19,5,3
1|22|2,3,3.5
1|22|20,2,2.5
1|22|21,6,9.5
1|22|22,7,3
1|22|23,4,2
1|22|24,5,5
1|22|25,5,9
1|22|26,3,10.5
1|22|27,2,3.5
1|22|28,3,10.5
1|22|29,5,11.5
1|22|3,4,2.5
1|22|30,5,11.5
1|22|31,8,6
1|22|32,3,4
1|22|33,3,4
1|22|34,2,4
1|22|35,3,6
1|22|36,10,6.5
1|22|37,,5.5
1|22|38,1,3
1|22|39,5,2
1|22|4,7,5.5
1|22|40,7,4.5
1|22|41,6,9
1|22|42,7,6.5
1|22|43,7,5
1|22|44,7,15
1|22|45,2,6.5
1|22|46,4,8
1|22|47,5,6.5
1|22|48,9,9.5
1|22|49,5,16
1|22|5,18,10
1|22|50,4,10
1|22|51,13,29.5
1|22|52,3,6.5
1|22|53,6,5.5
1|22|54,5,4
1|22|55,,1.5
1|22|56,3,3.5
1|22|57,9,7.5
1|22|58,6,9.5
1|22|59,1,3
1|22|6,4,7
1|22|60,3,4.5
1|22|61,1,5
1|22|62,4,5
1|22|63,4,4
1|22|64,4,10
1|22|65,3,8
1|22|66,9,8
1|22|67,7,4
1|22|68,2,6.5
1|22|69,6,6.5
1|22|7,5,7.5
1|22|70,2,7.5
1|22|71,3,7.5
1|22|72,6,9.5
1|22|73,3,6
1|22|74,4,4.5
1|22|75,6,14.5
1|22|76,1,4
1|22|77,,6
1|22|78,2,4
1|22|79,,2.5
1|22|8,6,5
1|22|80,3,1.5
1|22|81,3,2.5
1|22|82,3,3.5
1|22|83,2,2.5
1|22|84,1,2.5
1|22|85,2,2
1|22|86,7,7
1|22|87,4,2
1|22|88,,2
1|22|89,2,3
1|22|9,5,7
1|22|90,,1
1|23|1,8,3.5
1|23|10,10,7
1|23|100,4,4.5
1|23|101,7,4
1|23|102,1,1.5
1|23|103,4,3
1|23|104,1,2.5
1|23|105,4,4
1|23|106,7,6
1|23|107,6,1.5
1|23|108,5,4
1|23|109,8,8.5
1|23|11,20,19
1|23|110,16,5.5
1|23|111,17,10
1|23|112,4,5.5
1|23|113,5,8
1|23|114,6,2.5
1|23|115,7,9.5
1|23|116,9,6
1|23|117,8,2
1|23|118,2,3
1|23|119,2,3
1|23|12,15,23
1|23|120,6,2.5
1|23|121,2,3
1|23|122,3,5
1|23|123,5,4
1|23|124,8,8
1|23|125,8,9
1|23|126,6,7.5
1|23|127,6,4.5
1|23|128,8,7
1|23|129,6,5
1|23|13,7,6.5
1|23|130,6,8
1|23|131,4,6
1|23|132,1,4
1|23|133,2,2.5
1|23|134,3,3
1|23|135,8,7
1|23|136,7,5
1|23|137,3,4
1|23|138,9,8
1|23|139,3,3
1|23|14,1,6.5
1|23|140,1,4
1|23|141,4,5
1|23|142,6,5.5
1|23|143,11,10
1|23|144,4,5.5
1|23|145,4,4
1|23|146,,2.5
1|23|147,7,7
1|23|148,5,3.5
1|23|149,3,2
1|23|15,8,9
1|23|150,2,5.5
1|23|151,5,12.5
1|23|152,6,5.5
1|23|153,5,4.5
1|23|154,4,8
1|23|155,7,4
1|23|156,4,7.5
1|23|157,3,3
1|23|158,10,9
1|23|159,6,5
1|23|16,4,5.5
1|23|160,3,5.5
1|23|161,4,6.5
1|23|162,11,6.5
1|23|163,4,3
1|23|164,7,3.5
1|23|165,,4.5
1|23|166,2,3
1|23|167,6,7.5
1|23|168,4,3.5
1|23|169,6,4
1|23|17,8,5.5
1|23|170,4,7
1|23|171,3,6
1|23|172,3,4
1|23|173,1,3.5
1|23|174,1,4
1|23|175,3,2.5
1|23|176,1,3.5
1|23|177,2,2.5
1|23|178,1,2.5
1|23|179,,2
1|23|18,7,8
1|23|180,4,5.5
1|23|181,1,3
1|23|182,2,5.5
1|23|183,5,6
1|23|184,8,4
1|23|185,4,6.5
1|23|186,,4
1|23|187,4,2.5
1|23|188,1,2
1|23|189,3,1.5
1|23|19,9,5
1|23|190,2,3
1|23|191,3,2.5
1|23|192,1,4.5
1|23|193,6,5
1|23|194,6,4.5
1|23|195,7,2
1|23|196,4,1.5
1|23|197,4,2.5
1|23|198,1,1.5
1|23|199,1,3
1|23|2,8,8
1|23|20,15,10.5
1|23|200,5,2.5
1|23|201,7,8
1|23|202,1,4
1|23|203,4,7
1|23|204,4,5
1|23|205,4,4
1|23|206,2,6
1|23|207,6,3.5
1|23|208,3,7
1|23|209,5,4.5
1|23|21,8,5
1|23|210,3,4
1|23|211,5,3.5
1|23|212,3,7.5
1|23|213,5,3.5
1|23|214,3,3.5
1|23|215,3,5
1|23|216,5,3.5
1|23|217,5,5
1|23|218,2,3.5
1|23|219,3,1
1|23|22,9,4
1|23|220,3,6
1|23|221,3,4
1|23|222,3,2.5
1|23|223,2,3.5
1|23|224,1,6
1|23|225,3,3.5
1|23|226,1,3
1|23|227,3,6
1|23|228,,2
1|23|229,5,4.5
1|23|23,14,5
1|23|230,1,4
1|23|24,22,12
1|23|25,16,7.5
1|23|26,26,11
1|23|27,26,8.5
1|23|28,14,6
1|23|29,10,6
1|23|3,6,4
1|23|30,6,3.5
1|23|31,5,5.5
1|23|32,4,4
1|23|33,8,7.5
1|23|34,4,10
1|23|35,,1.5
1|23|36,6,16.5
1|23|37,4,8
1|23|38,3,4
1|23|39,5,9.5
1|23|4,10,6.5
1|23|40,1,2.5
1|23|41,7,5.5
1|23|42,7,8
1|23|43,19,12
1|23|44,15,6
1|23|45,16,11
1|23|46,20,8.5
1|23|47,21,8.5
1|23|48,13,7.5
1|23|49,14,2.5
1|23|5,6,6
1|23|50,7,7.5
1|23|51,9,8.5
1|23|52,9,8.5
1|23|53,16,12
1|23|54,8,10
1|23|55,6,8
1|23|56,4,5
1|23|57,3,3
1|23|58,10,6
1|23|59,,2.5
1|23|6,9,8
1|23|60,10,9
1|23|61,8,7.5
1|23|62,6,6
1|23|63,11,12
1|23|64,5,7.5
1|23|65,12,6
1|23|66,10,3.5
1|23|67,6,11
1|23|68,11,9
1|23|69,15,10.5
1|23|7,9,6
1|23|70,6,9.5
1|23|71,8,8.5
1|23|72,16,11
1|23|73,8,4.5
1|23|74,4,9
1|23|75,7,7.5
1|23|76,6,8
1|23|77,10,4
1|23|78,8,4.5
1|23|79,2,3
1|23|8,3,4
1|23|80,7,10.5
1|23|81,2,4.5
1|23|82,3,5
1|23|83,5,4
1|23|84,5,4
1|23|85,3,8.5
1|23|86,14,7
1|23|87,2,3
1|23|88,6,4
1|23|89,2,3.5
1|23|9,11,24.5
1|23|90,3,4
1|23|91,2,3
1|23|92,5,6.5
1|23|93,8,5
1|23|94,8,6.5
1|23|95,3,8
1|23|96,10,4.5
1|23|97,3,4
1|23|98,5,9.5
1|23|99,4,5.5
1|24|1,1,6
1|24|10,2,5
1|24|100,4,8
1|24|101,7,5
1|24|102,1,9
1|24|103,10,5
1|24|104,5,2
1|24|105,7,5
1|24|106,5,3
1|24|107,8,18
1|24|108,,2
1|24|109,1,3
1|24|11,1,6
1|24|110,1,5
1|24|111,5,5
1|24|112,4,2
1|24|113,,5
1|24|114,2,4
1|24|115,4,5
1|24|116,8,7
1|24|117,,2
1|24|118,3,3
1|24|119,3,2
1|24|12,7,8
1|24|120,2,3
1|24|121,4,2
1|24|122,1,6
1|24|123,,1
1|24|124,,1
1|24|125,1,2
1|24|126,3,7
1|24|127,3,2
1|24|128,,3
1|24|129,,1
1|24|13,7,5
1|24|130,1,1
1|24|131,1,3
1|24|132,3,3
1|24|133,,1
1|24|134,2,2
1|24|135,4,2
1|24|136,3,5
1|24|137,1,2
1|24|138,2,4
1|24|139,1,4
1|24|14,3,2
1|24|140,4,6
1|24|141,2,3
1|24|142,3,2
1|24|143,4,3
1|24|144,2,4
1|24|145,2,5
1|24|146,5,4
1|24|147,5,6
1|24|148,3,4
1|24|149,4,4
1|24|15,,2
1|24|150,2,5
1|24|151,2,6
1|24|152,,1
1|24|153,4,3
1|24|154,4,5
1|24|155,5,3
1|24|156,1,3
1|24|157,1,3
1|24|158,2,6
1|24|159,10,9
1|24|16,4,11
1|24|160,9,8
1|24|161,1,2
1|24|162,,6
1|24|163,11,6
1|24|164,3,6
1|24|165,,3
1|24|166,1,5
1|24|167,1,8
1|24|168,5,4
1|24|169,1,3
1|24|17,5,6
1|24|170,2,1
1|24|171,4,4
1|24|172,2,3
1|24|173,1,2
1|24|174,1,5
1|24|175,5,7
1|24|176,,2
1|24|177,2,1
1|24|178,,1
1|24|179,1,3
1|24|18,8,6
1|24|180,3,6
1|24|181,2,1
1|24|182,2,3
1|24|19,5,8
1|24|2,4,12
1|24|20,1,5
1|24|21,3,5
1|24|22,2,4
1|24|23,2,7
1|24|24,2,5
1|24|25,11,26
1|24|26,2,7
1|24|27,12,2
1|24|28,2,6
1|24|29,1,3
1|24|3,3,9
1|24|30,2,4
1|24|31,1,3
1|24|32,3,3
1|24|33,2,4
1|24|34,2,2
1|24|35,2,4
1|24|36,4,5
1|24|37,3,9
1|24|38,10,5
1|24|39,1,15
1|24|4,1,8
1|24|40,4,6
1|24|41,5,11
1|24|42,5,4
1|24|43,8,13
1|24|44,,3
1|24|45,5,5
1|24|46,4,7
1|24|47,2,4
1|24|48,3,5
1|24|49,6,7
1|24|5,1,7
1|24|50,2,5
1|24|51,11,6
1|24|52,4,6
1|24|53,2,3
1|24|54,3,3
1|24|55,,4
1|24|56,3,4
1|24|57,5,4
1|24|58,4,9
1|24|59,4,9
1|24|6,4,7
1|24|60,3,5
1|24|61,7,8
1|24|62,7,12
1|24|63,1,7
1|24|64,8,6
1|24|65,3,5
1|24|66,8,6
1|24|67,4,7
1|24|68,2,7
1|24|69,8,10
1|24|7,1,4
1|24|70,2,5
1|24|71,4,10
1|24|72,10,9
1|24|73,2,5
1|24|74,13,6
1|24|75,11,7
1|24|76,3,5
1|24|77,8,19
1|24|78,7,18
1|24|79,9,5
1|24|8,3,4
1|24|80,7,9
1|24|81,12,14
1|24|82,11,8
1|24|83,4,6
1|24|84,7,9
1|24|85,3,4
1|24|86,4,6
1|24|87,7,4
1|24|88,3,7
1|24|89,4,4
1|24|9,1,2
1|24|90,10,12
1|24|91,2,4
1|24|92,4,2
1|24|93,1,3
1|24|94,5,8
1|24|95,6,4
1|24|96,4,4
1|24|97,5,8
1|24|98,6,4
1|24|99,2,4
1|27|1,3,3.5
1|27|10,3,4.5
1|27|100,4,7
1|27|101,8,15
1|27|102,8,8
1|27|103,7,6.5
1|27|104,7,7
1|27|105,10,5
1|27|106,5,6.5
1|27|107,6,8
1|27|108,11,7
1|27|109,16,21.5
1|27|11,10,6
1|27|110,4,9.5
1|27|111,12,8
1|27|112,6,8
1|27|113,1,9.5
1|27|114,3,8.5
1|27|115,13,6
1|27|116,3,5
1|27|117,1,2
1|27|118,4,5
1|27|119,2,5.5
1|27|12,10,5.5
1|27|120,6,3.5
1|27|121,2,2
1|27|122,3,2.5
1|27|123,8,7
1|27|124,5,5.5
1|27|125,12,8
1|27|126,4,7
1|27|127,12,6
1|27|128,,4
1|27|129,8,3.5
1|27|13,6,8
1|27|130,4,1
1|27|131,7,3
1|27|132,3,5
1|27|133,6,3
1|27|134,1,2.5
1|27|135,6,2
1|27|136,5,3.5
1|27|137,13,5.5
1|27|138,10,10
1|27|139,3,5
1|27|14,1,5.5
1|27|140,7,8
1|27|141,7,14
1|27|142,2,7.5
1|27|143,1,3.5
1|27|144,2,5
1|27|145,4,4.5
1|27|146,9,5.5
1|27|147,12,3.5
1|27|148,4,3
1|27|149,6,6.5
1|27|15,7,6
1|27|150,5,5
1|27|151,7,9.5
1|27|152,2,2.5
1|27|153,2,4
1|27|154,3,5
1|27|155,11,5.5
1|27|156,4,3.5
1|27|157,6,4.5
1|27|158,4,3
1|27|159,4,4.5
1|27|16,7,5.5
1|27|160,7,4
1|27|161,1,3.5
1|27|162,7,5
1|27|163,3,5
1|27|164,2,3.5
1|27|165,7,3
1|27|166,4,4
1|27|167,4,3
1|27|168,2,7
1|27|169,14,9
1|27|17,6,3.5
1|27|170,4,6
1|27|171,16,8
1|27|172,6,7
1|27|173,7,3.5
1|27|174,2,4.5
1|27|175,2,8
1|27|176,8,5
1|27|177,6,2
1|27|178,2,6
1|27|179,5,3
1|27|18,6,3
1|27|180,3,5
1|27|181,4,2
1|27|182,4,7
1|27|183,2,1
1|27|184,5,4
1|27|185,19,9
1|27|186,3,5
1|27|187,9,4
1|27|188,10,6
1|27|189,9,3
1|27|19,1,4
1|27|190,2,9
1|27|191,9,5.5
1|27|192,6,7.5
1|27|193,3,6.5
1|27|194,4,3
1|27|195,3,6
1|27|196,6,3
1|27|197,2,5
1|27|198,9,5.5
1|27|199,6,9.5
1|27|2,9,3
1|27|20,7,6.5
1|27|200,10,12.5
1|27|201,3,7
1|27|202,4,8
1|27|203,8,3.5
1|27|204,3,4
1|27|205,9,11.5
1|27|206,10,14
1|27|207,11,8
1|27|208,7,6
1|27|209,8,8.5
1|27|21,7,7.5
1|27|210,8,6.5
1|27|211,6,4.5
1|27|212,14,6
1|27|213,9,7.5
1|27|214,13,13
1|27|215,13,6.5
1|27|216,1,1.5
1|27|217,7,4.5
1|27|218,5,2.5
1|27|219,5,10.5
1|27|22,8,5.5
1|27|220,19,6.5
1|27|221,5,8
1|27|222,10,5.5
1|27|223,8,6.5
1|27|224,8,4
1|27|225,11,6
1|27|226,9,7.5
1|27|227,8,7
1|27|228,5,8.5
1|27|229,7,17
1|27|23,6,5.5
1|27|230,14,18.5
1|27|231,1,4
1|27|232,10,8.5
1|27|233,4,10
1|27|234,4,7
1|27|235,14,14
1|27|236,7,4.5
1|27|237,12,5.5
1|27|238,9,6
1|27|239,5,9
1|27|24,1,6.5
1|27|240,5,5.5
1|27|241,11,8
1|27|242,10,6.5
1|27|243,8,4.5
1|27|244,4,6
1|27|245,3,7
1|27|246,5,8
1|27|247,6,9
1|27|248,5,10
1|27|249,5,15
1|27|25,2,6
1|27|250,3,5
1|27|251,7,15
1|27|252,4,13.5
1|27|253,1,11
1|27|254,4,9.5
1|27|255,16,7.5
1|27|256,4,4.5
1|27|257,7,3
1|27|258,9,6
1|27|259,4,2
1|27|26,5,6
1|27|260,5,7
1|27|261,3,5.5
1|27|262,3,3.5
1|27|263,3,6
1|27|264,5,1
1|27|265,1,2
1|27|266,9,4
1|27|267,1,2.5
1|27|268,1,2
1|27|269,1,3
1|27|27,13,6
1|27|270,1,3.5
1|27|271,5,9
1|27|272,4,6
1|27|273,6,3
1|27|274,9,4.5
1|27|275,3,2.5
1|27|276,7,7
1|27|277,5,5.5
1|27|278,1,7
1|27|279,6,6.5
1|27|28,5,9.5
1|27|280,1,4.5
1|27|281,16,6
1|27|282,3,10.5
1|27|283,1,7
1|27|284,4,4.5
1|27|285,3,5.5
1|27|286,5,6
1|27|287,7,5.5
1|27|288,5,4
1|27|29,7,7.5
1|27|3,1,2.5
1|27|30,7,4.5
1|27|31,10,11
1|27|32,5,7.5
1|27|33,7,8.5
1|27|34,8,8.5
1|27|35,9,7.5
1|27|36,7,9
1|27|37,9,10
1|27|38,10,9.5
1|27|39,6,6.5
1|27|4,3,4.5
1|27|40,15,6.5
1|27|41,5,2.5
1|27|42,15,7
1|27|43,13,7.5
1|27|44,5,7
1|27|45,5,8.5
1|27|46,6,7
1|27|47,6,7
1|27|48,7,6.5
1|27|49,3,6
1|27|5,9,5
1|27|50,8,6.5
1|27|51,11,5
1|27|52,8,8
1|27|53,8,8
1|27|54,8,7
1|27|55,15,10
1|27|56,4,8.5
1|27|57,14,8.5
1|27|58,4,6.5
1|27|59,10,5.5
1|27|6,4,2.5
1|27|60,7,5
1|27|61,6,9
1|27|62,5,11.5
1|27|63,3,6
1|27|64,10,8.5
1|27|65,8,12
1|27|66,5,4.5
1|27|67,5,7
1|27|68,3,6
1|27|69,4,4.5
1|27|7,2,5.5
1|27|70,5,6
1|27|71,13,4.5
1|27|72,3,5
1|27|73,6,6.5
1|27|74,8,10
1|27|75,7,6
1|27|76,6,7.5
1|27|77,12,4
1|27|78,12,8.5
1|27|79,7,5.5
1|27|8,9,3.5
1|27|80,3,5
1|27|81,6,5
1|27|82,13,7
1|27|83,3,7
1|27|84,6,6.5
1|27|85,6,3
1|27|86,15,14
1|27|87,3,27
1|27|88,5,6.5
1|27|89,7,4.5
1|27|9,5,2
1|27|90,12,6.5
1|27|91,6,4
1|27|92,5,6
1|27|93,3,3.5
1|27|94,1,7
1|27|95,4,8
1|27|96,5,11.5
1|27|97,10,9.5
1|27|98,8,7.5
1|27|99,6,5
1|28|1,1,5
1|28|10,4,2
1|28|100,4,7
1|28|101,4,4
1|28|102,5,8
1|28|103,3,5
1|28|104,4,6
1|28|105,7,7
1|28|106,6,3
1|28|107,8,6
1|28|108,11,5
1|28|109,4,5
1|28|11,3,3
1|28|110,6,7
1|28|111,8,10
1|28|112,4,16
1|28|113,3,8
1|28|114,2,9
1|28|115,5,4
1|28|116,2,3
1|28|117,7,3
1|28|118,5,9
1|28|119,3,9
1|28|12,,3
1|28|120,,3
1|28|121,1,3
1|28|122,1,1
1|28|123,1,1
1|28|124,2,4
1|28|125,3,3
1|28|126,1,2
1|28|127,2,2
1|28|128,2,3
1|28|129,2,3
1|28|13,1,6
1|28|130,3,5
1|28|131,7,3
1|28|132,3,2
1|28|133,2,2
1|28|134,1,5
1|28|135,,2
1|28|136,4,4
1|28|137,,3
1|28|138,4,3
1|28|139,3,4
1|28|14,1,3
1|28|140,7,10
1|28|141,3,9
1|28|142,6,7
1|28|143,5,3
1|28|144,3,7
1|28|145,2,4
1|28|146,2,3
1|28|147,2,5
1|28|148,3,5
1|28|149,4,5
1|28|15,6,3
1|28|150,1,3
1|28|151,1,5
1|28|152,3,3
1|28|153,2,6
1|28|154,1,2
1|28|155,5,5
1|28|156,5,6
1|28|157,6,9
1|28|158,5,6
1|28|159,11,7
1|28|16,1,4
1|28|160,8,6
1|28|161,3,9
1|28|162,4,5
1|28|163,2,5
1|28|164,3,4
1|28|165,3,5
1|28|166,3,7
1|28|167,8,5
1|28|168,3,4
1|28|169,1,9
1|28|17,2,12
1|28|170,2,4
1|28|171,5,5
1|28|172,4,8
1|28|173,6,5
1|28|174,4,6
1|28|175,2,6
1|28|176,4,6
1|28|177,5,3
1|28|178,4,4
1|28|179,3,1
1|28|18,1,6
1|28|180,1,8
1|28|181,6,8
1|28|182,1,5
1|28|183,4,2
1|28|184,1,8
1|28|185,3,3
1|28|186,1,3
1|28|187,5,7
1|28|188,6,14
1|28|189,5,5
1|28|19,,7
1|28|190,6,4
1|28|191,3,6
1|28|192,2,5
1|28|193,,3
1|28|194,2,4
1|28|195,2,8
1|28|196,5,4
1|28|197,5,9
1|28|198,9,10
1|28|199,3,6
1|28|2,3,7
1|28|20,4,4
1|28|200,6,13
1|28|201,5,6
1|28|202,7,2
1|28|203,10,9
1|28|204,3,3
1|28|205,,2
1|28|206,7,13
1|28|207,7,5
1|28|208,4,3
1|28|209,7,6
1|28|21,1,5
1|28|210,7,2
1|28|211,6,6
1|28|212,6,3
1|28|213,10,8
1|28|214,7,9
1|28|215,7,6
1|28|216,5,7
1|28|217,2,7
1|28|218,7,6
1|28|219,8,14
1|28|22,1,5
1|28|220,16,7
1|28|221,9,7
1|28|222,8,7
1|28|223,2,9
1|28|224,5,6
1|28|225,8,12
1|28|226,7,7
1|28|227,17,8
1|28|228,4,7
1|28|229,8,8
1|28|23,7,17
1|28|230,8,7
1|28|231,6,8
1|28|232,10,13
1|28|233,4,7
1|28|234,6,3
1|28|235,4,5
1|28|236,3,10
1|28|237,3,5
1|28|238,4,5
1|28|239,2,8
1|28|24,4,5
1|28|240,3,4
1|28|241,2,6
1|28|242,7,7
1|28|243,6,5
1|28|244,3,8
1|28|245,4,3
1|28|246,5,12
1|28|247,4,6
1|28|248,,4
1|28|249,2,4
1|28|25,3,4
1|28|250,2,2
1|28|251,4,4
1|28|252,5,5
1|28|253,4,4
1|28|254,4,4
1|28|255,10,6
1|28|256,8,23
1|28|257,9,6
1|28|258,10,6
1|28|259,8,3
1|28|26,9,3
1|28|260,6,5
1|28|261,7,5
1|28|262,2,6
1|28|263,3,3
1|28|264,1,2
1|28|265,5,3
1|28|266,6,4
1|28|267,1,6
1|28|268,6,6
1|28|269,1,11
1|28|27,5,7
1|28|270,9,7
1|28|271,5,7
1|28|272,8,9
1|28|273,1,2
1|28|274,12,7
1|28|275,1,5
1|28|276,7,3
1|28|277,6,4
1|28|278,6,7
1|28|279,17,8
1|28|28,2,3
1|28|280,9,8
1|28|281,5,6
1|28|282,2,8
1|28|283,7,10
1|28|284,4,5
1|28|285,6,8
1|28|286,9,21
1|28|287,7,6
1|28|288,3,7
1|28|289,3,6
1|28|29,8,4
1|28|290,3,8
1|28|291,2,8
1|28|292,4,2
1|28|293,5,4
1|28|294,2,3
1|28|3,4,14
1|28|30,5,7
1|28|31,4,2
1|28|32,7,7
1|28|33,3,5
1|28|34,5,4
1|28|35,1,2
1|28|36,3,2
1|28|37,,3
1|28|38,7,5
1|28|39,13,7
1|28|4,6,7
1|28|40,4,9
1|28|41,4,6
1|28|42,3,4
1|28|43,4,11
1|28|44,8,9
1|28|45,6,10
1|28|46,6,18
1|28|47,10,13
1|28|48,4,16
1|28|49,11,17
1|28|5,4,3
1|28|50,8,10
1|28|51,9,9
1|28|52,9,9
1|28|53,3,7
1|28|54,7,4
1|28|55,3,5
1|28|56,9,3
1|28|57,9,9
1|28|58,5,6
1|28|59,5,15
1|28|6,5,3
1|28|60,8,13
1|28|61,4,5
1|28|62,5,5
1|28|63,12,12
1|28|64,4,5
1|28|65,11,7
1|28|66,4,4
1|28|67,6,11
1|28|68,5,7
1|28|69,4,3
1|28|7,10,5
1|28|70,8,12
1|28|71,1,3
1|28|72,4,4
1|28|73,3,4
1|28|74,8,9
1|28|75,3,3
1|28|76,7,5
1|28|77,8,9
1|28|78,3,7
1|28|79,7,9
1|28|8,3,1
1|28|80,10,6
1|28|81,5,9
1|28|82,2,1
1|28|83,1,5
1|28|84,3,10
1|28|85,6,7
1|28|86,2,3
1|28|87,11,5
1|28|88,6,3
1|28|89,7,3
1|28|9,2,2
1|28|90,6,10
1|28|91,9,9
1|28|92,5,8
1|28|93,6,14
1|28|94,3,3
1|28|95,8,4
1|28|96,6,8
1|28|97,10,8
1|28|98,5,9
1|28|99,2,4
1|29|1,4,5
1|29|10,2,2
1|29|100,8,4
1|29|101,4.5,7
1|29|102,4.5,11
1|29|103,4,7
1|29|104,4.5,6
1|29|105,5,6
1|29|106,6.5,6
1|29|107,4,3
1|29|108,6.5,4
1|29|109,3,4
1|29|11,6.5,5
1|29|110,3,6
1|29|111,3.5,3
1|29|112,5,10
1|29|113,6,13
1|29|114,2,5
1|29|115,5.5,6
1|29|116,3,4
1|29|117,2,4
1|29|118,4.5,5
1|29|119,3,1
1|29|12,3.5,8
1|29|120,3,3
1|29|121,4.5,1
1|29|122,4,4
1|29|123,2.5,4
1|29|124,2.5,5
1|29|125,5,14
1|29|126,8.5,7
1|29|127,2.5,7
1|29|128,2,5
1|29|129,4,11
1|29|13,4.5,7
1|29|130,3.5,9
1|29|131,2,5
1|29|132,6,4
1|29|133,6,8
1|29|134,5,8
1|29|135,4.5,8
1|29|136,4.5,11
1|29|137,6,6
1|29|138,13.5,10
1|29|139,5.5,5
1|29|14,11.5,8
1|29|140,11.5,7
1|29|141,7,7
1|29|142,4,8
1|29|143,6.5,13
1|29|144,3,7
1|29|145,17.5,36
1|29|146,7,6
1|29|147,8.5,6
1|29|148,7,14
1|29|149,6,6
1|29|15,3.5,5
1|29|150,5,6
1|29|151,12.5,12
1|29|152,7.5,11
1|29|153,3.5,11
1|29|154,6.5,
1|29|155,7.5,9
1|29|156,5,4
1|29|157,5,5
1|29|158,9.5,14
1|29|159,4.5,5
1|29|16,1.5,4
1|29|160,5,6
1|29|161,2,4
1|29|162,7,6
1|29|163,7.5,11
1|29|164,6.5,5
1|29|165,10,6
1|29|166,3,9
1|29|167,8,5
1|29|168,11.5,12
1|29|169,9.5,20
1|29|17,2.5,3
1|29|170,7.5,6
1|29|171,9.5,9
1|29|172,3.5,6
1|29|173,8.5,
1|29|174,5,6
1|29|175,2.5,12
1|29|176,6.5,8
1|29|177,2,5
1|29|178,7,9
1|29|179,4,5
1|29|18,3,7
1|29|180,2.5,6
1|29|181,5,4
1|29|182,7.5,6
1|29|183,5.5,10
1|29|184,7.5,7
1|29|185,4,7
1|29|186,5.5,6
1|29|187,4.5,7
1|29|188,4,7
1|29|189,7.5,9
1|29|19,1,2
1|29|190,3,6
1|29|191,4.5,6
1|29|192,3,7
1|29|193,2,1
1|29|194,1.5,1
1|29|195,2.5,3
1|29|196,3.5,5
1|29|197,4.5,4
1|29|198,2.5,1
1|29|199,2.5,4
1|29|2,3.5,6
1|29|20,1.5,2
1|29|200,1,3
1|29|201,1,3
1|29|202,2,2
1|29|203,3.5,5
1|29|204,5.5,1
1|29|205,1,2
1|29|206,1.5,5
1|29|207,4,4
1|29|208,6.5,6
1|29|209,3,3
1|29|21,2.5,13
1|29|210,1.5,3
1|29|211,1,4
1|29|212,8,9
1|29|213,7,2
1|29|214,3.5,5
1|29|215,5.5,10
1|29|216,8,11
1|29|217,8,8
1|29|218,7.5,7
1|29|219,11,13
1|29|22,5,7
1|29|220,9,5
1|29|221,5.5,8
1|29|222,3,2
1|29|223,5,7
1|29|224,1.5,3
1|29|23,2,8
1|29|24,2,7
1|29|25,2,3
1|29|26,5,4
1|29|27,5,7
1|29|28,6,4
1|29|29,5.5,8
1|29|3,2,4
1|29|30,10,5
1|29|31,6.5,4
1|29|32,6.5,8
1|29|33,4.5,4
1|29|34,5,3
1|29|35,8.5,7
1|29|36,5.5,6
1|29|37,3.5,5
1|29|38,3,2
1|29|39,5.5,1
1|29|4,4,3
1|29|40,2,5
1|29|41,3,1
1|29|42,5.5,3
1|29|43,3,7
1|29|44,10.5,6
1|29|45,5,6
1|29|46,5,4
1|29|47,4.5,6
1|29|48,4,2
1|29|49,7,7
1|29|5,4,10
1|29|50,9,5
1|29|51,7,6
1|29|52,4.5,3
1|29|53,2,2
1|29|54,9,17
1|29|55,2,3
1|29|56,3,4
1|29|57,4,6
1|29|58,5,10
1|29|59,3,3
1|29|6,8.5,8
1|29|60,3.5,4
1|29|61,8.5,4
1|29|62,2.5,7
1|29|63,4,6
1|29|64,4,6
1|29|65,3.5,3
1|29|66,1,4
1|29|67,4.5,6
1|29|68,5,2
1|29|69,5,7
1|29|7,2,7
1|29|70,4,7
1|29|71,6.5,4
1|29|72,3,4
1|29|73,7.5,19
1|29|74,6.5,5
1|29|75,4,7
1|29|76,4.5,3
1|29|77,4.5,2
1|29|78,2.5,7
1|29|79,3,4
1|29|8,1.5,3
1|29|80,1.5,2
1|29|81,6,3
1|29|82,1.5,9
1|29|83,4,8
1|29|84,6,5
1|29|85,5.5,4
1|29|86,6,4
1|29|87,4,6
1|29|88,2.5,2
1|29|89,5,2
1|29|9,2,6
1|29|90,7,9
1|29|91,3,2
1|29|92,2,4
1|29|93,4,4
1|29|94,22,14
1|29|95,2.5,2
1|29|96,5,3
1|29|97,6.5,7
1|29|98,2.5,1
1|29|99,5,7
1|2|1,,2
1|2|10,8,3
1|2|11,1,7
1|2|12,1,3
1|2|13,3,2
1|2|14,,5
1|2|15,1,2
1|2|16,2,2
1|2|17,1,4
1|2|18,6,8
1|2|19,2,5
1|2|2,1,3
1|2|20,1,2
1|2|21,1,3
1|2|22,1,2
1|2|23,1,2
1|2|24,1,1
1|2|25,1,1
1|2|26,2,6
1|2|27,2,1
1|2|28,2,2
1|2|29,,3
1|2|3,3,3
1|2|30,1,4
1|2|31,1,2
1|2|32,1,4
1|2|33,3,5
1|2|34,2,1
1|2|35,3,5
1|2|36,1,2
1|2|37,3,1
1|2|38,1,3
1|2|39,2,2
1|2|4,1,1
1|2|40,,4
1|2|41,,1
1|2|42,3,2
1|2|43,,2
1|2|44,1,3
1|2|45,,3
1|2|46,1,1
1|2|47,2,2
1|2|48,2,2
1|2|49,2,3
1|2|5,2,3
1|2|50,5,2
1|2|51,,4
1|2|52,3,2
1|2|53,2,2
1|2|54,,2
1|2|55,,2
1|2|56,,1
1|2|57,,2
1|2|58,2,2
1|2|59,,1
1|2|6,1,1
1|2|60,1,2
1|2|61,2,3
1|2|62,2,4
1|2|63,1,3
1|2|64,1,2
1|2|65,1,2
1|2|66,,2
1|2|67,1,1
1|2|68,,1
1|2|7,2,4
1|2|8,5,5
1|2|9,3,2
1|30|1,1,2
1|30|10,1,2
1|30|11,1,3
1|30|12,2,2
1|30|13,5,4
1|30|14,1,5
1|30|15,3,3
1|30|16,2,4
1|30|17,,2
1|30|18,,2
1|30|19,3,1
1|30|2,3,1
1|30|20,1,2
1|30|21,2,2
1|30|22,1,3
1|30|23,,2
1|30|24,2,3
1|30|25,3,3
1|30|26,1,4
1|30|27,,3
1|30|28,3,2
1|30|29,2,2
1|30|3,1,1
1|30|30,3,2
1|30|31,2,1
1|30|32,4,3
1|30|33,2,4
1|30|34,3,3
1|30|35,2,6
1|30|36,1,1
1|30|37,,1
1|30|38,2,2
1|30|39,2,4
1|30|4,1,1
1|30|40,,2
1|30|5,1,2
1|30|6,1,3
1|30|7,6,1
1|30|8,2,1
1|30|9,2,3
1|32|1,6,4
1|32|10,3,5
1|32|100,,4
1|32|101,8,11
1|32|102,3,2
1|32|103,1,5
1|32|104,1,3
1|32|105,2,4
1|32|106,2,4
1|32|107,4,7
1|32|108,4,5
1|32|109,1,2
1|32|11,3,7
1|32|110,1,3
1|32|111,2,2
1|32|112,2,3
1|32|113,4,3
1|32|114,3,3
1|32|115,4,2
1|32|116,1,2
1|32|117,1,6
1|32|118,4,4
1|32|119,4,4
1|32|12,2,3
1|32|120,2,4
1|32|121,1,3
1|32|122,2,2
1|32|123,1,2
1|32|124,3,4
1|32|125,4,2
1|32|126,2,2
1|32|127,2,7
1|32|128,3,4
1|32|129,2,5
1|32|13,2,4
1|32|130,5,6
1|32|131,4,5
1|32|132,3,9
1|32|133,3,6
1|32|134,6,8
1|32|135,3,5
1|32|136,5,6
1|32|137,1,6
1|32|138,3,2
1|32|139,1,5
1|32|14,5,6
1|32|140,2,2
1|32|15,1,2
1|32|16,3,7
1|32|17,1,6
1|32|18,,3
1|32|19,2,5
1|32|2,3,4
1|32|20,2,7
1|32|21,4,7
1|32|22,3,5
1|32|23,4,3
1|32|24,1,3
1|32|25,,5
1|32|26,1,3
1|32|27,2,3
1|32|28,2,7
1|32|29,3,5
1|32|3,2,5
1|32|30,7,6
1|32|31,3,5
1|32|32,3,5
1|32|33,2,6
1|32|34,1,6
1|32|35,2,2
1|32|36,2,1
1|32|37,1,2
1|32|38,1,3
1|32|39,1,4
1|32|4,1,6
1|32|40,2,1
1|32|41,3,1
1|32|42,1,5
1|32|43,,5
1|32|44,,8
1|32|45,1,7
1|32|46,1,6
1|32|47,4,8
1|32|48,1,6
1|32|49,2,3
1|32|5,1,5
1|32|50,1,6
1|32|51,,4
1|32|52,3,3
1|32|53,1,1
1|32|54,1,3
1|32|55,,3
1|32|56,3,2
1|32|57,1,1
1|32|58,2,5
1|32|59,,7
1|32|6,1,1
1|32|60,,3
1|32|61,,1
1|32|62,2,2
1|32|63,3,3
1|32|64,,3
1|32|65,1,2
1|32|66,2,4
1|32|67,1,3
1|32|68,6,4
1|32|69,2,3
1|32|7,,2
1|32|70,1,2
1|32|71,3,3
1|32|72,2,5
1|32|73,4,4
1|32|74,,4
1|32|75,3,3
1|32|76,3,5
1|32|77,4,4
1|32|78,3,3
1|32|79,2,4
1|32|8,1,4
1|32|80,4,5
1|32|81,4,7
1|32|82,2,4
1|32|83,2,7
1|32|84,,2
1|32|85,1,3
1|32|86,1,2
1|32|87,6,5
1|32|88,3,6
1|32|89,1,2
1|32|9,2,7
1|32|90,4,5
1|32|91,4,4
1|32|92,4,3
1|32|93,2,6
1|32|94,,2
1|32|95,2,2
1|32|96,2,2
1|32|97,2,3
1|32|98,1,5
1|32|99,1,5
1|33|1,5,7
1|33|10,5,12
1|33|100,10,4
1|33|101,3,5
1|33|102,7,8
1|33|103,8,10
1|33|104,9,3
1|33|105,8,6
1|33|106,9,7
1|33|107,7,4
1|33|108,7,3
1|33|109,2,3
1|33|11,25,31
1|33|110,4,5
1|33|111,2,8
1|33|112,2,4
1|33|113,5,10
1|33|114,6,7
1|33|115,3,3
1|33|116,7,3
1|33|117,3,6
1|33|118,1,5
1|33|119,3,6
1|33|12,12,22
1|33|120,7,7
1|33|121,5,6
1|33|122,3,4
1|33|123,2,7
1|33|124,2,2
1|33|125,3,3
1|33|126,7,5
1|33|127,10,14
1|33|128,9,8
1|33|129,8,8
1|33|13,21,13
1|33|130,1,6
1|33|131,16,12
1|33|132,6,7
1|33|133,8,6
1|33|134,12,
1|33|135,14,13
1|33|136,6,6
1|33|137,2,4
1|33|138,8,4
1|33|139,17,7
1|33|14,8,9
1|33|140,9,7
1|33|141,8,5
1|33|142,6,8
1|33|143,7,7
1|33|144,6,6
1|33|145,8,9
1|33|146,5,5
1|33|147,4,4
1|33|148,4,7
1|33|149,3,6
1|33|15,10,11
1|33|150,4,7
1|33|151,5,9
1|33|152,4,6
1|33|153,2,5
1|33|154,5,7
1|33|155,2,9
1|33|156,1,8
1|33|157,6,11
1|33|158,4,7
1|33|159,3,4
1|33|16,5,11
1|33|160,6,4
1|33|161,10,2
1|33|162,1,4
1|33|163,,9
1|33|164,3,2
1|33|165,9,4
1|33|166,4,5
1|33|167,8,6
1|33|168,6,7
1|33|169,4,7
1|33|17,9,10
1|33|170,5,5
1|33|171,4,5
1|33|172,6,5
1|33|173,,3
1|33|174,3,
1|33|175,2,4
1|33|176,4,2
1|33|177,5,3
1|33|178,3,3
1|33|179,5,6
1|33|18,9,14
1|33|180,5,10
1|33|181,6,5
1|33|182,2,5
1|33|183,4,11
1|33|184,4,6
1|33|185,7,9
1|33|186,2,6
1|33|187,5,3
1|33|188,6,11
1|33|189,6,7
1|33|19,7,10
1|33|190,9,6
1|33|191,6,10
1|33|192,2,5
1|33|193,8,10
1|33|194,5,10
1|33|195,8,7
1|33|196,9,10
1|33|197,5,6
1|33|198,16,9
1|33|199,8,11
1|33|2,6,7
1|33|20,10,16
1|33|200,18,10
1|33|201,6,9
1|33|202,11,12
1|33|203,7,11
1|33|204,8,11
1|33|205,12,14
1|33|206,10,7
1|33|207,11,6
1|33|208,8,11
1|33|209,6,8
1|33|21,10,10
1|33|210,10,11
1|33|211,11,9
1|33|212,3,6
1|33|213,7,6
1|33|214,8,4
1|33|215,10,7
1|33|216,1,10
1|33|217,6,7
1|33|218,10,4
1|33|219,10,5
1|33|22,5,13
1|33|220,4,4
1|33|221,11,7
1|33|222,4,4
1|33|223,8,6
1|33|224,10,9
1|33|225,8,11
1|33|226,8,7
1|33|227,2,6
1|33|228,9,8
1|33|229,11,8
1|33|23,14,14
1|33|230,7,8
1|33|231,2,4
1|33|232,8,5
1|33|233,4,9
1|33|234,6,7
1|33|24,12,10
1|33|25,11,15
1|33|26,5,18
1|33|27,4,7
1|33|28,9,6
1|33|29,3,7
1|33|3,6,9
1|33|30,8,6
1|33|31,7,13
1|33|32,9,9
1|33|33,8,5
1|33|34,5,6
1|33|35,4,4
1|33|36,8,7
1|33|37,7,8
1|33|38,1,5
1|33|39,4,10
1|33|4,15,12
1|33|40,7,8
1|33|41,7,6
1|33|42,5,3
1|33|43,7,12
1|33|44,4,11
1|33|45,6,4
1|33|46,6,6
1|33|47,2,5
1|33|48,5,4
1|33|49,6,5
1|33|5,1,7
1|33|50,6,7
1|33|51,4,3
1|33|52,6,5
1|33|53,6,8
1|33|54,2,8
1|33|55,5,10
1|33|56,3,4
1|33|57,6,6
1|33|58,9,9
1|33|59,7,3
1|33|6,12,13
1|33|60,7,5
1|33|61,4,6
1|33|62,5,6
1|33|63,11,12
1|33|64,8,10
1|33|65,8,11
1|33|66,8,8
1|33|67,5,12
1|33|68,5,9
1|33|69,4,5
1|33|7,7,6
1|33|70,6,8
1|33|71,4,6
1|33|72,4,4
1|33|73,4,3
1|33|74,7,16
1|33|75,4,10
1|33|76,2,9
1|33|77,6,16
1|33|78,4,11
1|33|79,4,8
1|33|8,8,16
1|33|80,4,5
1|33|81,4,7
1|33|82,7,6
1|33|83,2,7
1|33|84,3,11
1|33|85,10,14
1|33|86,5,7
1|33|87,9,8
1|33|88,7,11
1|33|89,9,11
1|33|9,6,6
1|33|90,7,10
1|33|91,8,8
1|33|92,3,5
1|33|93,3,4
1|33|94,11,7
1|33|95,10,12
1|33|96,8,16
1|33|97,6,15
1|33|98,7,3
1|33|99,7,5
1|34|1,4,3
1|34|10,4,4
1|34|11,3,6
1|34|12,6,6
1|34|13,2,3
1|34|14,3,4
1|34|15,5,4
1|34|16,4,6
1|34|17,4,5
1|34|18,1,3
1|34|19,2,5
1|34|2,1,5
1|34|20,1,3
1|34|21,1,1
1|34|22,3,4
1|34|23,1,2
1|34|24,5,4
1|34|25,2,5
1|34|26,,3
1|34|27,1,2
1|34|28,2,3
1|34|29,,5
1|34|3,2,4
1|34|30,7,8
1|34|4,3,5
1|34|5,3,4
1|34|6,5,10
1|34|7,1,3
1|34|8,,3
1|34|9,3,2
1|36|1,1,4.5
1|36|10,4,4
1|36|100,4,7
1|36|101,4,5.5
1|36|102,5,7.5
1|36|103,3,5
1|36|104,4,6
1|36|105,7,8
1|36|106,6,9
1|36|107,8,6.5
1|36|108,11,6
1|36|109,4,6.5
1|36|11,3,3
1|36|110,6,6.5
1|36|111,8,11.5
1|36|112,4,12
1|36|113,3,7.5
1|36|114,2,6.5
1|36|115,5,5.5
1|36|116,2,3.5
1|36|117,7,6.5
1|36|118,5,7
1|36|119,3,6.5
1|36|12,,3.5
1|36|13,1,4
1|36|14,1,2.5
1|36|15,6,3
1|36|16,1,3.5
1|36|17,2,11.5
1|36|18,1,5.5
1|36|19,,5.5
1|36|2,3,5.5
1|36|20,4,5
1|36|21,1,5
1|36|22,1,4
1|36|23,7,12
1|36|24,4,4
1|36|25,3,5
1|36|26,9,8
1|36|27,5,6
1|36|28,2,4.5
1|36|29,8,3.5
1|36|3,4,10
1|36|30,5,4.5
1|36|31,4,2
1|36|32,7,6
1|36|33,3,5.5
1|36|34,5,3.5
1|36|35,1,2.5
1|36|36,3,2.5
1|36|37,,2.5
1|36|38,7,5.5
1|36|39,13,6
1|36|4,6,8.5
1|36|40,4,9
1|36|41,4,6
1|36|42,3,6
1|36|43,4,7.5
1|36|44,8,14.5
1|36|45,6,10
1|36|46,6,13
1|36|47,10,14
1|36|48,4,12
1|36|49,11,15.5
1|36|5,4,2.5
1|36|50,8,8.5
1|36|51,9,10.5
1|36|52,9,12.5
1|36|53,3,4.5
1|36|54,7,4
1|36|55,3,4.5
1|36|56,9,4
1|36|57,9,9
1|36|58,5,7
1|36|59,5,13.5
1|36|6,5,3
1|36|60,8,13.5
1|36|61,4,7
1|36|62,5,4.5
1|36|63,12,10.5
1|36|64,4,4.5
1|36|65,11,8
1|36|66,4,6.5
1|36|67,6,10
1|36|68,5,9
1|36|69,4,2.5
1|36|7,10,4.5
1|36|70,8,13
1|36|71,1,6
1|36|72,4,4
1|36|73,3,3.5
1|36|74,8,8
1|36|75,3,3.5
1|36|76,7,6.5
1|36|77,8,6.5
1|36|78,3,6
1|36|79,7,8
1|36|8,3,2
1|36|80,10,6.5
1|36|81,5,8
1|36|82,2,3
1|36|83,1,5
1|36|84,3,7.5
1|36|85,6,6
1|36|86,2,3.5
1|36|87,11,6
1|36|88,6,11
1|36|89,7,6
1|36|9,2,2
1|36|90,6,9.5
1|36|91,9,11.5
1|36|92,5,10
1|36|93,6,10.5
1|36|94,3,4
1|36|95,8,3.5
1|36|96,6,8
1|36|97,10,7
1|36|98,5,7.5
1|36|99,2,4
1|3|1,5,3
1|3|10,1,4
1|3|100,4,3
1|3|101,5,6
1|3|102,4,4
1|3|103,5,2
1|3|104,,4
1|3|105,5,5
1|3|106,7,6
1|3|107,3,2
1|3|108,3,2
1|3|109,5,3
1|3|11,3,6
1|3|110,10,4
1|3|111,5,5
1|3|112,5,3
1|3|113,4,3
1|3|114,4,11
1|3|115,4,2
1|3|116,2,4
1|3|117,7,6
1|3|12,2,4
1|3|13,7,6
1|3|14,2,2
1|3|15,5,6
1|3|16,2,2
1|3|17,4,4
1|3|18,3,6
1|3|19,4,6
1|3|2,3,8
1|3|20,,2
1|3|21,1,1
1|3|22,4,2
1|3|23,2,4
1|3|24,1,2
1|3|25,5,1
1|3|26,2,1
1|3|27,1,3
1|3|28,4,4
1|3|29,5,2
1|3|3,4,3
1|3|30,5,2
1|3|31,2,3
1|3|32,2,2
1|3|33,6,5
1|3|34,1,2
1|3|35,3,2
1|3|36,3,3
1|3|37,2,1
1|3|38,5,1
1|3|39,2,2
1|3|4,2,2
1|3|40,1,4
1|3|41,1,1
1|3|42,1,1
1|3|43,2,3
1|3|44,5,2
1|3|45,,4
1|3|46,4,2
1|3|47,4,4
1|3|48,2,5
1|3|49,2,3
1|3|5,1,3
1|3|50,4,2
1|3|51,2,2
1|3|52,4,3
1|3|53,4,5
1|3|54,1,3
1|3|55,7,1
1|3|56,4,5
1|3|57,5,3
1|3|58,4,1
1|3|59,3,4
1|3|6,1,4
1|3|60,7,2
1|3|61,8,3
1|3|62,9,5
1|3|63,5,1
1|3|64,2,5
1|3|65,4,5
1|3|66,3,5
1|3|67,2,5
1|3|68,1,2
1|3|69,1,2
1|3|7,3,8
1|3|70,3,4
1|3|71,2,5
1|3|72,4,2
1|3|73,3,6
1|3|74,3,3
1|3|75,1,8
1|3|76,6,6
1|3|77,1,5
1|3|78,7,8
1|3|79,12,5
1|3|8,3,3
1|3|80,6,9
1|3|81,9,7
1|3|82,1,2
1|3|83,4,1
1|3|84,5,2
1|3|85,6,3
1|3|86,3,5
1|3|87,8,4
1|3|88,4,3
1|3|89,4,3
1|3|9,1,2
1|3|90,9,11
1|3|91,,3
1|3|92,5,3
1|3|93,1,3
1|3|94,4,4
1|3|95,2,2
1|3|96,,2
1|3|97,2,1
1|3|98,1,2
1|3|99,6,3
1|5|1,1,2
1|5|10,4,5
1|5|11,2,2
1|5|12,2,5
1|5|13,4,6
1|5|14,7,4
1|5|15,1,2
1|5|16,8,7
1|5|17,12,7
1|5|18,3,14
1|5|19,9,11
1|5|2,1,4
1|5|20,2,3
1|5|21,3,6
1|5|22,5,7
1|5|23,7,4
1|5|24,9,6
1|5|25,8,5
1|5|26,9,8
1|5|27,3,5
1|5|28,,3
1|5|29,2,4
1|5|3,3,4
1|5|30,5,7
1|5|31,7,3
1|5|32,2,9
1|5|33,3,3
1|5|34,4,6
1|5|35,6,5
1|5|36,6,5
1|5|37,3,4
1|5|38,3,3
1|5|39,5,7
1|5|4,2,4
1|5|40,4,4
1|5|41,2,7
1|5|42,5,4
1|5|43,1,3
1|5|44,1,6
1|5|45,1,3
1|5|46,4,5
1|5|47,2,2
1|5|48,4,5
1|5|49,1,5
1|5|5,5,3
1|5|50,2,2
1|5|51,1,4
1|5|52,4,5
1|5|53,1,1
1|5|54,,4
1|5|55,6,1
1|5|56,5,5
1|5|57,5,6
1|5|58,1,3
1|5|59,4,3
1|5|6,5,5
1|5|60,4,5
1|5|61,6,5
1|5|62,6,5
1|5|63,4,5
1|5|64,2,2
1|5|65,2,5
1|5|66,4,6
1|5|67,2,4
1|5|68,2,5
1|5|69,2,4
1|5|7,2,4
1|5|70,5,4
1|5|8,4,7
1|5|9,1,4
1|6|1,4,4
1|6|10,9,4
1|6|11,5,4.5
1|6|12,3,1
1|6|13,7,5.5
1|6|14,4,5
1|6|15,3,4
1|6|16,6,8
1|6|17,3,7
1|6|18,12,9.5
1|6|19,6,6.5
1|6|2,3,7.5
1|6|20,6,6.5
1|6|21,5,4
1|6|22,6,6
1|6|23,6,11
1|6|24,6,9
1|6|25,4,4.5
1|6|26,1,1
1|6|27,4,5
1|6|28,2,3
1|6|29,4,6
1|6|3,4,3
1|6|30,1,3
1|6|31,1,7.5
1|6|32,5,6.5
1|6|33,3,7.5
1|6|34,2,5
1|6|35,6,4
1|6|36,7,8
1|6|37,6,4.5
1|6|38,2,5
1|6|39,5,10.5
1|6|4,5,4
1|6|40,7,13
1|6|41,5,7
1|6|42,1,2.5
1|6|43,4,5.5
1|6|44,5,5
1|6|45,10,10.5
1|6|46,2,7.5
1|6|47,4,7.5
1|6|48,2,4
1|6|49,3,13.5
1|6|5,3,6.5
1|6|50,7,11.5
1|6|51,9,7
1|6|52,8,11.5
1|6|53,13,9
1|6|54,12,10
1|6|55,7,5.5
1|6|56,9,9
1|6|57,15,13
1|6|58,10,10.5
1|6|59,11,9
1|6|6,2,3.5
1|6|60,9,12.5
1|6|61,3,6.5
1|6|62,5,8.5
1|6|63,3,5
1|6|64,5,8
1|6|65,8,6.5
1|6|66,7,6
1|6|67,6,4.5
1|6|68,9,9
1|6|69,6,6.5
1|6|7,2,3.5
1|6|70,9,4.5
1|6|71,8,4.5
1|6|72,2,6.5
1|6|73,7,6.5
1|6|74,9,6.5
1|6|75,6,4.5
1|6|76,7,8
1|6|77,9,9.5
1|6|78,8,7.5
1|6|79,7,3.5
1|6|8,1,7
1|6|80,3,5.5
1|6|81,16,6.5
1|6|82,7,5
1|6|83,6,5.5
1|6|84,6,6
1|6|85,4,5.5
1|6|86,3,8.5
1|6|87,3,4
1|6|88,6,4.5
1|6|89,7,3
1|6|9,7,3.5
1|6|90,4,4.5
1|7|1,4,3
1|7|10,3,1.5
1|7|11,4,5
1|7|12,3,2
1|7|13,2,2
1|7|14,5,4
1|7|15,3,2.5
1|7|16,7,5.5
1|7|17,7,4
1|7|18,4,5
1|7|19,7,6.5
1|7|2,9,6
1|7|20,8,7
1|7|21,7,8
1|7|22,3,5
1|7|23,3,4.5
1|7|24,6,2
1|7|25,7,4.5
1|7|26,3,2.5
1|7|27,15,7.5
1|7|28,6,1.5
1|7|29,10,5.5
1|7|3,8,4
1|7|30,4,4.5
1|7|31,12,4
1|7|32,5,5
1|7|33,7,4.5
1|7|34,8,7.5
1|7|35,9,5.5
1|7|36,1,2.5
1|7|37,2,3.5
1|7|38,10,6
1|7|39,3,5
1|7|4,7,3.5
1|7|40,9,5.5
1|7|41,1,4
1|7|42,5,4
1|7|43,3,3
1|7|44,4,3.5
1|7|45,5,3
1|7|46,3,2.5
1|7|47,1,1
1|7|48,1,2
1|7|49,6,6
1|7|5,6,4.5
1|7|50,2,2
1|7|51,4,5.5
1|7|52,8,6.5
1|7|53,1,6
1|7|54,6,4.5
1|7|55,4,3
1|7|56,5,2.5
1|7|57,2,2.5
1|7|58,3,3.5
1|7|59,7,2.5
1|7|6,6,2
1|7|60,11,3.5
1|7|61,2,5.5
1|7|62,7,5
1|7|63,2,2
1|7|64,2,3.5
1|7|65,6,3.5
1|7|66,,1.5
1|7|67,6,5
1|7|68,3,2.5
1|7|69,6,3.5
1|7|7,1,2
1|7|70,9,3.5
1|7|8,5,4.5
1|7|9,4,3
1|8|1,3,3
1|8|10,6,3.5
1|8|100,2,6.5
1|8|101,2,2.5
1|8|102,3,8.5
1|8|103,5,5.5
1|8|104,3,7
1|8|105,7,4
1|8|106,2,7
1|8|107,2,6
1|8|108,3,2
1|8|109,1,5.5
1|8|11,2,8
1|8|110,4,4.5
1|8|111,4,3
1|8|112,1,3
1|8|113,3,7
1|8|114,9,3.5
1|8|115,5,5.5
1|8|116,5,12.5
1|8|117,11,5.5
1|8|118,2,2.5
1|8|119,6,6
1|8|12,5,2.5
1|8|120,8,4
1|8|121,7,4.5
1|8|122,1,5
1|8|123,5,3
1|8|124,1,3
1|8|125,2,3.5
1|8|126,2,3.5
1|8|127,6,8.5
1|8|128,9,8.5
1|8|129,19,9
1|8|13,10,6.5
1|8|130,4,4
1|8|131,6,1.5
1|8|132,4,2.5
1|8|133,2,3
1|8|134,4,1.5
1|8|135,2,5.5
1|8|136,3,2
1|8|137,4,5.5
1|8|138,7,5.5
1|8|139,6,2
1|8|14,8,11.5
1|8|140,2,1.5
1|8|141,10,9
1|8|142,4,2
1|8|143,9,7
1|8|144,2,3
1|8|145,3,3
1|8|146,6,8.5
1|8|147,2,4
1|8|148,3,3.5
1|8|149,1,2
1|8|15,1,4.5
1|8|150,2,2
1|8|151,1,1.5
1|8|152,1,1.5
1|8|153,7,5
1|8|154,7,2
1|8|155,3,2.5
1|8|156,1,1.5
1|8|157,1,1.5
1|8|158,1,2.5
1|8|159,2,1.5
1|8|16,4,3
1|8|160,,2.5
1|8|161,2,2.5
1|8|162,3,3
1|8|163,4,2
1|8|164,1,2.5
1|8|165,1,2
1|8|166,3,3
1|8|167,2,3.5
1|8|168,4,4
1|8|169,3,4.5
1|8|17,2,3
1|8|170,,5
1|8|171,2,5
1|8|172,,2.5
1|8|173,5,7.5
1|8|174,2,4.5
1|8|175,2,2.5
1|8|176,3,4
1|8|177,4,4.5
1|8|178,2,6
1|8|179,4,4.5
1|8|18,7,6
1|8|180,8,6
1|8|181,1,4
1|8|182,3,4.5
1|8|183,7,5.5
1|8|184,2,3.5
1|8|185,1,2.5
1|8|186,5,6
1|8|187,2,2.5
1|8|188,6,3
1|8|189,7,4
1|8|19,10,6.5
1|8|190,9,7.5
1|8|191,5,4
1|8|192,1,3.5
1|8|193,6,4
1|8|194,6,3
1|8|195,3,2
1|8|196,2,3
1|8|197,,1.5
1|8|198,4,4.5
1|8|199,,4
1|8|2,10,11
1|8|20,3,5.5
1|8|200,,2.5
1|8|21,6,3.5
1|8|22,9,5.5
1|8|23,1,5
1|8|24,5,2.5
1|8|25,11,3.5
1|8|26,7,6.5
1|8|27,9,7
1|8|28,3,3
1|8|29,5,8
1|8|3,7,8
1|8|30,14,9
1|8|31,9,4.5
1|8|32,6,3.5
1|8|33,10,6.5
1|8|34,6,5.5
1|8|35,8,6.5
1|8|36,1,6
1|8|37,4,7
1|8|38,8,8
1|8|39,7,6.5
1|8|4,8,8
1|8|40,13,9.5
1|8|41,12,11
1|8|42,4,4
1|8|43,6,9
1|8|44,7,3.5
1|8|45,1,3.5
1|8|46,5,10.5
1|8|47,12,7
1|8|48,8,4.5
1|8|49,8,9.5
1|8|5,2,4.5
1|8|50,14,7
1|8|51,2,6.5
1|8|52,12,29
1|8|53,11,21
1|8|54,10,10
1|8|55,5,6.5
1|8|56,5,2.5
1|8|57,9,7.5
1|8|58,2,2
1|8|59,9,7
1|8|6,3,1.5
1|8|60,17,2
1|8|61,4,8.5
1|8|62,5,6.5
1|8|63,9,6
1|8|64,6,6.5
1|8|65,9,3.5
1|8|66,13,6
1|8|67,13,7
1|8|68,9,5.5
1|8|69,3,5
1|8|7,4,3.5
1|8|70,7,7
1|8|71,15,7.5
1|8|72,4,5
1|8|73,6,9
1|8|74,5,5.5
1|8|75,1,2.5
1|8|76,8,3
1|8|77,3,2.5
1|8|78,7,5
1|8|79,6,7.5
1|8|8,1,5.5
1|8|80,6,4.5
1|8|81,3,3
1|8|82,4,2.5
1|8|83,7,6
1|8|84,8,4
1|8|85,5,8
1|8|86,10,5.5
1|8|87,1,2
1|8|88,2,5
1|8|89,3,2
1|8|9,8,2.5
1|8|90,10,7
1|8|91,9,4
1|8|92,12,6.5
1|8|93,4,3.5
1|8|94,8,4
1|8|95,3,1.5
1|8|96,4,3
1|8|97,3,2
1|8|98,5,7.5
1|8|99,3,3.5
1|9|1,1,7
1|9|10,10,6
1|9|100,2,6
1|9|101,4,3
1|9|102,5,6
1|9|103,5,11
1|9|104,2,7
1|9|105,5,4
1|9|106,2,6
1|9|107,4,6
1|9|108,1,4
1|9|109,,5
1|9|11,2,8
1|9|110,4,5
1|9|111,1,4
1|9|112,3,2
1|9|113,1,1
1|9|114,2,7
1|9|115,2,6
1|9|116,3,2
1|9|117,,3
1|9|118,1,6
1|9|119,4,3
1|9|12,3,3
1|9|120,1,5
1|9|121,2,5
1|9|122,1,2
1|9|123,6,2
1|9|124,3,5
1|9|125,4,2
1|9|126,7,3
1|9|127,3,5
1|9|128,3,5
1|9|129,4,2
1|9|13,2,3
1|9|130,2,3
1|9|131,7,6
1|9|132,2,3
1|9|133,3,5
1|9|134,,5
1|9|135,6,6
1|9|136,2,5
1|9|137,2,4
1|9|138,3,2
1|9|139,2,3
1|9|14,4,7
1|9|140,5,1
1|9|141,2,2
1|9|142,2,2
1|9|143,3,2
1|9|144,6,4
1|9|145,,6
1|9|146,5,6
1|9|147,,2
1|9|148,1,6
1|9|149,5,5
1|9|15,13,5
1|9|150,5,3
1|9|151,,2
1|9|152,2,2
1|9|153,3,4
1|9|154,6,5
1|9|155,4,4
1|9|156,5,9
1|9|157,5,5
1|9|158,4,7
1|9|159,3,6
1|9|16,,5
1|9|160,6,4
1|9|161,5,7
1|9|162,3,6
1|9|163,3,4
1|9|164,1,3
1|9|165,6,6
1|9|166,3,2
1|9|167,1,2
1|9|168,5,3
1|9|169,7,3
1|9|17,4,4
1|9|170,9,7
1|9|171,8,6
1|9|172,5,4
1|9|173,9,4
1|9|174,3,1
1|9|175,10,4
1|9|176,,9
1|9|177,1,7
1|9|178,3,6
1|9|179,3,5
1|9|18,2,5
1|9|180,5,4
1|9|181,1,5
1|9|182,3,3
1|9|183,4,4
1|9|184,3,5
1|9|185,8,7
1|9|186,3,14
1|9|187,4,5
1|9|188,3,4
1|9|189,5,7
1|9|19,4,14
1|9|190,2,5
1|9|191,3,4
1|9|192,4,3
1|9|193,7,5
1|9|194,8,12
1|9|195,6,10
1|9|196,6,7
1|9|197,9,7
1|9|198,2,5
1|9|199,,5
1|9|2,3,6
1|9|20,,3
1|9|200,3,5
1|9|201,,1
1|9|202,1,3
1|9|203,2,7
1|9|204,1,2
1|9|205,1,2
1|9|206,3,3
1|9|207,5,3
1|9|208,7,6
1|9|209,7,2
1|9|21,,5
1|9|210,10,6
1|9|211,6,2
1|9|212,12,1
1|9|213,3,2
1|9|214,4,4
1|9|215,5,3
1|9|216,4,2
1|9|217,9,5
1|9|218,5,2
1|9|219,6,4
1|9|22,9,3
1|9|220,2,3
1|9|221,1,1
1|9|222,7,5
1|9|223,6,7
1|9|224,1,3
1|9|225,5,5
1|9|226,5,5
1|9|227,7,7
1|9|228,4,3
1|9|229,5,2
1|9|23,2,5
1|9|230,2,4
1|9|231,5,6
1|9|232,4,3
1|9|233,3,2
1|9|234,3,7
1|9|235,2,7
1|9|236,6,3
1|9|237,12,5
1|9|238,2,2
1|9|239,4,2
1|9|24,,5
1|9|240,6,6
1|9|241,4,9
1|9|242,,3
1|9|243,2,1
1|9|244,3,2
1|9|245,3,5
1|9|246,4,4
1|9|247,8,5
1|9|248,9,6
1|9|249,1,3
1|9|25,4,5
1|9|250,7,7
1|9|251,9,5
1|9|252,2,2
1|9|253,11,6
1|9|254,8,4
1|9|255,8,3
1|9|256,11,4
1|9|257,3,8
1|9|258,4,4
1|9|259,7,7
1|9|26,2,4
1|9|260,10,9
1|9|261,7,6
1|9|262,3,15
1|9|263,6,6
1|9|264,10,5
1|9|265,2,3
1|9|266,7,4
1|9|267,6,3
1|9|268,11,4
1|9|269,4,3
1|9|27,4,7
1|9|270,4,3
1|9|271,,4
1|9|272,2,1
1|9|273,1,3
1|9|274,4,3
1|9|275,6,2
1|9|276,4,2
1|9|277,6,2
1|9|278,3,2
1|9|279,2,3
1|9|28,4,4
1|9|280,2,3
1|9|281,5,5
1|9|282,3,6
1|9|283,7,4
1|9|284,4,6
1|9|285,3,6
1|9|286,1,4
1|9|287,7,4
1|9|288,6,2
1|9|289,6,7
1|9|29,3,6
1|9|290,3,6
1|9|291,11,8
1|9|292,6,8
1|9|293,5,7
1|9|294,2,4
1|9|295,4,9
1|9|296,5,9
1|9|297,6,6
1|9|298,7,10
1|9|299,3,7
1|9|3,4,5
1|9|30,1,7
1|9|300,3,5
1|9|301,6,8
1|9|302,7,5
1|9|303,3,3
1|9|304,4,4
1|9|305,3,2
1|9|306,2,3
1|9|307,5,7
1|9|308,3,3
1|9|309,4,4
1|9|31,2,3
1|9|310,5,4
1|9|311,1,4
1|9|312,5,7
1|9|313,5,11
1|9|314,1,3
1|9|315,6,2
1|9|316,2,2
1|9|317,6,4
1|9|318,2,3
1|9|319,2,6
1|9|32,4,6
1|9|320,7,4
1|9|321,7,9
1|9|322,13,12
1|9|323,7,3
1|9|324,10,4
1|9|325,4,3
1|9|326,18,8
1|9|327,3,2
1|9|328,11,4
1|9|329,12,7
1|9|33,1,4
1|9|330,10,9
1|9|331,1,5
1|9|332,5,7
1|9|333,1,4
1|9|334,7,3
1|9|335,4,4
1|9|336,3,4
1|9|337,9,5
1|9|338,6,3
1|9|339,8,4
1|9|34,2,2
1|9|340,5,6
1|9|341,5,2
1|9|342,6,3
1|9|343,4,3
1|9|344,2,2
1|9|345,1,4
1|9|346,5,3
1|9|347,2,1
1|9|348,3,6
1|9|349,5,5
1|9|35,4,3
1|9|350,2,3
1|9|351,2,2
1|9|352,2,1
1|9|353,6,5
1|9|354,3,8
1|9|355,2,1
1|9|356,5,3
1|9|357,1,5
1|9|358,8,4
1|9|359,2,5
1|9|36,4,3
1|9|360,3,5
1|9|361,5,6
1|9|362,9,11
1|9|363,4,9
1|9|364,6,2
1|9|365,1,6
1|9|366,6,3
1|9|367,2,3
1|9|368,2,4
1|9|369,2,4
1|9|37,1,3
1|9|370,2,10
1|9|371,5,6
1|9|372,3,1
1|9|373,5,1
1|9|374,2,1
1|9|375,4,2
1|9|376,3,2
1|9|377,2,6
1|9|378,4,3
1|9|379,1,2
1|9|38,2,3
1|9|380,,4
1|9|381,2,2
1|9|382,3,7
1|9|383,1,2
1|9|384,3,4
1|9|385,4,4
1|9|386,3,2
1|9|387,6,6
1|9|388,11,4
1|9|389,2,7
1|9|39,2,1
1|9|390,5,11
1|9|391,2,6
1|9|392,3,6
1|9|393,1,5
1|9|394,3,1
1|9|395,2,1
1|9|396,6,9
1|9|397,2,6
1|9|398,1,6
1|9|399,5,6
1|9|4,6,5
1|9|40,2,4
1|9|400,5,6
1|9|401,12,10
1|9|402,12,6
1|9|403,4,2
1|9|41,2,7
1|9|42,,2
1|9|43,4,5
1|9|44,4,4
1|9|45,1,1
1|9|46,4,4
1|9|47,9,4
1|9|48,4,9
1|9|49,5,5
1|9|5,5,3
1|9|50,2,2
1|9|51,2,3
1|9|52,3,4
1|9|53,3,3
1|9|54,3,8
1|9|55,4,4
1|9|56,5,6
1|9|57,2,4
1|9|58,4,2
1|9|59,1,3
1|9|6,,3
1|9|60,5,7
1|9|61,10,3
1|9|62,4,7
1|9|63,3,3
1|9|64,10,1
1|9|65,4,2
1|9|66,2,4
1|9|67,2,5
1|9|68,9,3
1|9|69,4,6
1|9|7,2,4
1|9|70,2,2
1|9|71,,1
1|9|72,7,3
1|9|73,4,4
1|9|74,9,7
1|9|75,5,5
1|9|76,10,4
1|9|77,3,3
1|9|78,4,4
1|9|79,8,9
1|9|8,5,4
1|9|80,6,10
1|9|81,5,5
1|9|82,2,7
1|9|83,4,4
1|9|84,12,5
1|9|85,3,6
1|9|86,5,5
1|9|87,5,6
1|9|88,5,15
1|9|89,6,7
1|9|9,1,6
1|9|90,4,5
1|9|91,1,4
1|9|92,4,9
1|9|93,,2
1|9|94,6,7
1|9|95,5,6
1|9|96,2,4
1|9|97,3,3
1|9|98,7,5
1|9|99,13,5
